sample_order,source_row_index,case_id,target,model_probability_success,reconstructed_probability_success,absolute_additivity_error
0,4219,Application_1716488937,1,0.6466666666666666,0.6466600014300845,6.6652365821040505e-06
1,4329,Application_1780975856,0,0.73,0.7299933394679361,6.660532063884617e-06
2,2704,Application_852082039,0,0.65,0.6499933352636099,6.664736390105119e-06
3,3737,Application_1039800233,0,0.59,0.5899933349930564,6.665006943573637e-06
4,2242,Application_933620779,1,0.8633333333333333,0.8633266762471148,6.65708621849781e-06
5,1572,Application_626689908,0,0.4166666666666667,0.41665999131506615,6.675351600538004e-06
6,5150,Application_319276505,1,0.61,0.6099933298236063,6.670176393663851e-06
7,699,Application_1523406683,1,0.5766666666666667,0.5766600028055944,6.663861072286892e-06
8,1306,Application_1606123452,1,0.2733333333333333,0.2733266547243748,6.67860895853245e-06
9,2342,Application_574810235,0,0.58,0.5799933357921548,6.664207845119563e-06
10,3819,Application_1371829661,1,0.67,0.6699933380213872,6.661978612876318e-06
11,5358,Application_1346722124,1,0.54,0.539993333822841,6.66617715905371e-06
12,835,Application_973075457,1,0.3433333333333333,0.34332666020881114,6.673124522182938e-06
13,1780,Application_1894052702,0,0.57,0.569993334913313,6.665086686896693e-06
14,4272,Application_368259393,0,0.6566666666666666,0.6566600036778042,6.6629888624269995e-06
15,3379,Application_1773249073,1,0.46,0.45999333161034395,6.6683896560726375e-06
16,5028,Application_1461654162,1,0.3,0.29999332365662895,6.6763433710370634e-06
17,254,Application_1213009008,1,0.82,0.8199933426216421,6.6573783578105505e-06
18,1748,Application_538169581,0,0.59,0.5899933337247764,6.666275223610185e-06
19,124,Application_173122257,0,0.4033333333333333,0.4033266586195786,6.674713754706296e-06
20,360,Application_1756698619,1,0.51,0.5099933291723746,6.670827625399056e-06
21,4837,Application_1737595763,1,0.4766666666666667,0.4766599986131299,6.668053536773577e-06
22,4385,Application_1131149871,0,0.7933333333333333,0.7933266767720808,6.656561252538218e-06
23,5121,Application_202743024,0,0.4533333333333333,0.4533266638393614,6.6694939719336155e-06
24,5723,Application_1986864007,1,0.67,0.6699933378089454,6.662191054607192e-06
25,3398,Application_295059389,0,0.18333333333333332,0.18332664954619998,6.683787133338059e-06
26,2768,Application_2025229391,1,0.6133333333333333,0.6133266703281086,6.663005224671892e-06
27,2163,Application_364222888,1,0.6033333333333334,0.6033266680786994,6.665254633997364e-06
28,818,Application_1650299745,0,0.68,0.6799933393763395,6.660623660503795e-06
29,4977,Application_683749311,1,0.58,0.5799933363375755,6.6636624244109655e-06
30,5564,Application_1170818565,0,0.44,0.43999332849604655,6.671503953448177e-06
31,3374,Application_345709580,0,0.42333333333333334,0.4233266562412345,6.677092098839044e-06
32,2884,Application_423354116,0,0.37666666666666665,0.3766599906837622,6.675982904436051e-06
33,123,Application_345753341,0,0.6966666666666667,0.6966600063059554,6.66036071128584e-06
34,654,Application_1339681597,1,0.23333333333333334,0.2333266556217239,6.677711609448522e-06
35,5518,Application_235120908,1,0.5133333333333333,0.5133266650286582,6.668304675105929e-06
36,2390,Application_1955841156,0,0.5433333333333333,0.5433266637107055,6.669622627852867e-06
37,5450,Application_159413614,0,0.6266666666666667,0.626660003407214,6.663259452754922e-06
38,1470,Application_1423878486,1,0.9233333333333333,0.9233266797501649,6.65358316842557e-06
39,4261,Application_1279531338,0,0.7766666666666666,0.7766600095704081,6.657096258466666e-06
40,2464,Application_816734015,0,0.64,0.6399933371843246,6.662815675406719e-06
41,4200,Application_2126583947,1,0.69,0.6899933382016861,6.661798313878364e-06
42,351,Application_123834627,1,0.37333333333333335,0.37332665922899233,6.674104341020115e-06
43,5548,Application_1623166177,1,0.5266666666666666,0.5266599990145113,6.6676521552899715e-06
44,1738,Application_717856936,1,0.65,0.6499933358192761,6.664180723925384e-06
45,4057,Application_1973533961,1,0.7866666666666666,0.7866600081348658,6.658531800818324e-06
46,5052,Application_1231420166,1,0.35,0.34999332607796446,6.673922035516089e-06
47,5753,Application_1611309750,1,0.41333333333333333,0.4133266596315247,6.673701808623811e-06
48,3217,Application_478644845,0,0.5133333333333333,0.5133266644434336,6.66888989975245e-06
49,2550,Application_629867343,0,0.43333333333333335,0.43332666218728244,6.6711460509072396e-06
50,2716,Application_1635121236,1,0.48,0.479993327584141,6.672415858999248e-06
51,209,Application_1505236670,1,0.87,0.8699933397385882,6.660261411828294e-06
52,2982,Application_625813474,0,0.6066666666666667,0.6066600015401022,6.665126564442403e-06
53,5363,Application_1472029656,0,0.43,0.42999332990373995,6.670096260041891e-06
54,2510,Application_912681536,1,0.6566666666666666,0.6566600033105804,6.663356086233918e-06
55,2544,Application_1631898559,1,0.63,0.6299933347818218,6.665218178159016e-06
56,5469,Application_2133672696,1,0.59,0.5899933311045108,6.668895489170268e-06
57,4912,Application_1146810684,1,0.39666666666666667,0.39665999108179056,6.675584876103535e-06
58,738,Application_212002191,1,0.5866666666666667,0.5866599996330135,6.667033653151577e-06
59,225,Application_500790886,1,0.37,0.3699933279197985,6.6720802014974545e-06
60,126,Application_536009009,1,0.32666666666666666,0.32665999079347385,6.67587319280738e-06
61,2365,Application_200623911,0,0.67,0.6699933343711046,6.665628895397013e-06
62,3857,Application_453112637,1,0.6866666666666666,0.6866600022529649,6.6644137017846106e-06
63,74,Application_257082685,0,0.5966666666666667,0.5966600025716381,6.66409502858567e-06
64,4054,Application_958762299,0,0.42,0.41999332799316885,6.672006831132116e-06
65,5554,Application_1939679303,0,0.43666666666666665,0.4366599972718772,6.669394789438066e-06
66,1139,Application_75877971,1,0.29333333333333333,0.29332665680369585,6.676529637483775e-06
67,253,Application_1775767690,0,0.43,0.4299933283419053,6.671658094703492e-06
68,3153,Application_1750255251,1,0.73,0.729993340858889,6.659141110976208e-06
69,2006,Application_459492793,1,0.72,0.7199933391872463,6.660812753689349e-06
70,2665,Application_319696917,0,0.58,0.5799933346878882,6.665312111797661e-06
71,4026,Application_147324724,0,0.85,0.8499933416675942,6.658332405762302e-06
72,6035,Application_296817651,0,0.7133333333333334,0.7133266719858316,6.661347501824011e-06
73,4575,Application_274633120,1,0.78,0.7799933387123374,6.6612876625793405e-06
74,4623,Application_1124562062,0,0.7933333333333333,0.7933266770727511,6.656260582271756e-06
75,1855,Application_1474745448,0,0.37666666666666665,0.3766599942506452,6.672416021424876e-06
76,1669,Application_1742514819,1,0.6066666666666667,0.6066600000340652,6.666632601515232e-06
77,3672,Application_1787045022,1,0.4866666666666667,0.4866599980784849,6.66858818176852e-06
78,5037,Application_1427125327,1,0.36333333333333334,0.3633266568199315,6.676513401859818e-06
79,4586,Application_1014628070,0,0.59,0.5899933353766148,6.664623385166379e-06
80,6234,Application_1287686643,0,0.41333333333333333,0.41332666307579646,6.670257536867119e-06
81,4457,Application_1855681221,0,0.68,0.6799933373063394,6.6626936606750675e-06
82,1199,Application_2595810,0,0.7033333333333334,0.7033266680628815,6.665270451899907e-06
83,6205,Application_531062056,1,0.4533333333333333,0.45332666119680487,6.672136528440564e-06
84,361,Application_1273835556,0,0.6233333333333333,0.6233266672761023,6.666057230986233e-06
85,5647,Application_195053177,1,0.28,0.2799933233734254,6.676626574608768e-06
86,706,Application_539120928,1,0.9566666666666667,0.9566600129494667,6.653717199989195e-06
87,4243,Application_238582681,0,0.41333333333333333,0.41332665725520545,6.676078127876295e-06
88,701,Application_538311021,1,0.83,0.8299933402431456,6.659756854321408e-06
89,462,Application_750872976,0,0.4266666666666667,0.42665999358864226,6.673078024432844e-06
90,3754,Application_1659255564,0,0.7233333333333334,0.7233266729633593,6.660369974098579e-06
91,3868,Application_959893793,0,0.42333333333333334,0.4233266628616664,6.670471666914146e-06
92,490,Application_1909723515,1,0.48,0.4799933294986243,6.670501375705129e-06
93,3540,Application_1209989055,0,0.46,0.459993329784143,6.670215857040862e-06
94,4154,Application_136002576,1,0.7,0.699993339285372,6.660714627959585e-06
95,1289,Application_144137365,1,0.13333333333333333,0.13332664786585652,6.685467476813534e-06
96,3828,Application_83386929,1,0.49333333333333335,0.4933266637605548,6.6695727785615055e-06
97,6254,Application_1722592475,0,0.37,0.369993328179077,6.671820923009886e-06
98,2147,Application_92982126,0,0.4766666666666667,0.4766599937984227,6.672868243962071e-06
99,322,Application_894204901,1,0.6833333333333333,0.68332667294532,6.66038801333535e-06
100,5705,Application_1050826945,1,0.86,0.8599933389726016,6.66102739843577e-06
101,1767,Application_188033371,0,0.64,0.6399933374493278,6.662550672165146e-06
102,3301,Application_2002111319,1,0.6033333333333334,0.6033266679427997,6.665390533733273e-06
103,2381,Application_394129589,0,0.6533333333333333,0.6533266703679232,6.662965410075827e-06
104,4858,Application_185493618,1,0.4,0.3999933298269659,6.670173034128979e-06
105,3025,Application_308306449,0,0.37333333333333335,0.3733266575537777,6.6757795556537936e-06
106,2963,Application_1829767472,1,0.9533333333333334,0.9533266813391723,6.651994161055441e-06
107,6107,Application_1454914218,1,0.48,0.4799933324039865,6.667596013476551e-06
108,1720,Application_1662782689,1,0.8866666666666667,0.886660009496582,6.65717008474509e-06
109,2160,Application_2009085424,0,0.5466666666666666,0.5466599977493266,6.668917340024727e-06
110,2225,Application_1710327474,1,0.5833333333333334,0.5833266690169823,6.66431635110154e-06
111,1016,Application_1361444752,1,0.52,0.5199933313514044,6.668648595664628e-06
112,1819,Application_2013171518,1,0.43333333333333335,0.43332665944732807,6.673886005281737e-06
113,2294,Application_39907373,1,0.6233333333333333,0.6233266703581802,6.6629751530600245e-06
114,672,Application_391099640,0,0.7533333333333333,0.7533266732264781,6.660106855238546e-06
115,2111,Application_1929025400,0,0.52,0.5199933330239104,6.666976089642063e-06
116,3756,Application_119108505,0,0.26666666666666666,0.2666599888619459,6.677804720744973e-06
117,3029,Application_629281341,1,0.5133333333333333,0.5133266661361103,6.667197222975929e-06
118,1062,Application_1494178086,0,0.6333333333333333,0.6333266700457956,6.663287537733709e-06
119,2714,Application_856904799,0,0.47,0.46999332880444666,6.671195553309417e-06
120,316,Application_2114671174,1,0.7733333333333333,0.7733266742170938,6.6591162395379655e-06
121,4119,Application_1656189522,1,0.19333333333333333,0.19332665184683206,6.681486501264322e-06
122,2368,Application_1635282054,0,0.73,0.729993336789572,6.663210427970689e-06
123,4309,Application_828015798,0,0.68,0.6799933342079181,6.665792081972377e-06
124,299,Application_1710523057,1,0.5733333333333334,0.5733266673233163,6.6660100170867764e-06
125,208,Application_1698334648,0,0.5466666666666666,0.5466599995822908,6.667084375799881e-06
126,4289,Application_1712513447,1,0.79,0.7899933428877688,6.657112231245321e-06
127,2179,Application_1271426699,0,0.7833333333333333,0.7833266751816428,6.658151690541736e-06
128,1661,Application_2145055012,1,0.5033333333333333,0.5033266630833255,6.670250007778655e-06
129,1584,Application_1292574553,1,0.7733333333333333,0.7733266697302499,6.6636030834343885e-06
130,2295,Application_1853216913,1,0.46,0.45999332875831456,6.67124168546307e-06
131,1332,Application_563891423,1,0.7066666666666667,0.706660005884074,6.660782592704528e-06
132,221,Application_1668457930,1,0.3933333333333333,0.3933266617014035,6.671631929799915e-06
133,2425,Application_153662314,1,0.8866666666666667,0.886660010811556,6.655855110726527e-06
134,1439,Application_1891033664,1,0.7233333333333334,0.7233266710886561,6.662244677269058e-06
135,3687,Application_1716250296,1,0.67,0.6699933360865589,6.6639134411738965e-06
136,6209,Application_838340812,0,0.5833333333333334,0.5833266687276611,6.664605672224155e-06
137,4783,Application_912680237,1,0.38,0.3799933241730987,6.675826901281212e-06
138,3792,Application_474967319,1,0.6033333333333334,0.603326670058131,6.663275202378749e-06
139,4909,Application_420669904,0,0.5933333333333334,0.5933266683029524,6.665030380936798e-06
140,39,Application_192716320,0,0.43666666666666665,0.4366599956901211,6.670976545553042e-06
141,5879,Application_269523042,1,0.63,0.6299933355653619,6.664434638148364e-06
142,1800,Application_2084407394,0,0.6966666666666667,0.6966600024693996,6.664197267025607e-06
143,879,Application_1120624192,0,0.44,0.43999332994468365,6.670055316349011e-06
144,1304,Application_597065437,1,0.7133333333333334,0.7133266727559926,6.660577340777962e-06
145,981,Application_1544460375,1,0.8366666666666667,0.8366600120566139,6.654610052780896e-06
146,743,Application_2092228035,1,0.4033333333333333,0.4033266620565081,6.671276825243044e-06
147,2836,Application_357595149,1,0.5633333333333334,0.5633266677240264,6.665609306955034e-06
148,3110,Application_2053544331,0,0.43333333333333335,0.43332666295718536,6.670376147988044e-06
149,5686,Application_201290364,0,0.38333333333333336,0.3833266592405429,6.6740927904818115e-06
150,5014,Application_954830822,0,0.5,0.4999933302641493,6.6697358506728754e-06
151,1211,Application_327072822,1,0.7866666666666666,0.7866600039471763,6.662719490346802e-06
152,3188,Application_2089776619,1,0.4866666666666667,0.48665999641855096,6.670248115736577e-06
153,4105,Application_642433479,0,0.62,0.619993337284408,6.662715592020696e-06
154,6138,Application_1937962025,1,0.49333333333333335,0.49332666308641626,6.670246917084288e-06
155,1729,Application_1061764162,1,0.5233333333333333,0.5233266623712741,6.6709620591964836e-06
156,4740,Application_1971384449,1,0.36666666666666664,0.36665999113917025,6.675527496391442e-06
157,6090,Application_302909261,0,0.5633333333333334,0.5633266675777885,6.6657555448657035e-06
158,196,Application_1031465496,1,0.66,0.6599933379542899,6.66204571009299e-06
159,5920,Application_1196296078,0,0.6166666666666667,0.6166600031162446,6.663550422114639e-06
160,29,Application_160157720,1,0.39,0.3899933281347882,6.6718652118047395e-06
161,3943,Application_1949069602,0,0.44666666666666666,0.44665999596506856,6.670701598099349e-06
162,27,Application_1334997155,1,0.57,0.5699933345046967,6.665495303259661e-06
163,466,Application_1671150390,1,0.6766666666666666,0.6766600006739386,6.665992728027703e-06
164,3647,Application_589847268,1,0.7133333333333334,0.7133266746823862,6.658650947177769e-06
165,805,Application_1365437313,0,0.81,0.8099933428039376,6.657196062409554e-06
166,3171,Application_1727581145,1,0.6833333333333333,0.6833266671861485,6.666147184808402e-06
167,1457,Application_1509521523,1,0.7466666666666667,0.7466600066613568,6.660005309910844e-06
168,4167,Application_542599834,0,0.8033333333333333,0.8033266722458193,6.661087514014952e-06
169,6057,Application_514516624,1,0.37666666666666665,0.37665999443006826,6.672236598392889e-06
170,772,Application_1924151739,0,0.49333333333333335,0.4933266645402138,6.668793119557481e-06
171,3182,Application_1847406506,1,0.6566666666666666,0.6566600053102054,6.661356461212797e-06
172,1189,Application_606749031,1,0.51,0.5099933318478004,6.66815219962924e-06
173,122,Application_1630717104,1,0.7033333333333334,0.7033266731255314,6.660207801933993e-06
174,717,Application_1104697616,1,0.7566666666666667,0.7566600010778588,6.665588807908129e-06
175,5511,Application_1508412981,0,0.4866666666666667,0.4866599976029298,6.669063736919334e-06
176,1133,Application_254824641,0,0.35333333333333333,0.35332666041943306,6.6729139002741356e-06
177,5347,Application_177309042,1,0.7066666666666667,0.706660004611576,6.662055090700392e-06
178,3263,Application_1019849833,0,0.5866666666666667,0.5866600022548517,6.66441181496058e-06
179,4317,Application_285811325,0,0.2866666666666667,0.2866599877348035,6.6789318631799155e-06
180,6144,Application_1437729547,1,0.27666666666666667,0.27665998740594694,6.679260719733016e-06
181,4124,Application_1685601249,1,0.37,0.369993324835614,6.675164386016341e-06
182,1648,Application_795434722,0,0.6766666666666666,0.6766600049073804,6.66175928620838e-06
183,1886,Application_1410285531,1,0.65,0.6499933358889727,6.6641110273435444e-06
184,3111,Application_1543333489,0,0.6466666666666666,0.6466600034627004,6.6632039662506415e-06
185,5559,Application_541755335,1,0.30666666666666664,0.30665999328512267,6.673381543975676e-06
186,6269,Application_117342811,0,0.19666666666666666,0.19665998468415008,6.681982516576479e-06
187,5547,Application_1938585575,1,0.29,0.2899933207781711,6.679221828898019e-06
188,2543,Application_138912330,1,0.5266666666666666,0.5266599996066297,6.667060036935624e-06
189,1915,Application_1300625552,1,0.36333333333333334,0.36332665960480615,6.67372852719561e-06
190,4353,Application_932953546,0,0.6266666666666667,0.6266600023154056,6.664351261065349e-06
191,678,Application_1464780823,1,0.41333333333333333,0.41332665902533644,6.674307996890061e-06
192,606,Application_2042834818,0,0.7566666666666667,0.7566600077017601,6.658964906591791e-06
193,2148,Application_669667104,1,0.65,0.6499933337020847,6.666297915347563e-06
194,1064,Application_162990347,1,0.59,0.5899933340081318,6.665991868159971e-06
195,671,Application_821026605,1,0.5533333333333333,0.553326667053846,6.666279487310689e-06
196,4297,Application_138336932,1,0.4866666666666667,0.4866599926138721,6.674052794586327e-06
197,89,Application_1315782276,1,0.6866666666666666,0.6866599969490512,6.6697176154262294e-06
198,2080,Application_1662936819,0,0.4666666666666667,0.4666599945650138,6.672101652893669e-06
199,4066,Application_584887022,1,0.49333333333333335,0.4933266638115304,6.669521802948886e-06
200,5458,Application_2131037404,0,0.25666666666666665,0.2566599860872568,6.680579409834575e-06
201,1287,Application_1768718354,0,0.47333333333333333,0.47332666404266766,6.6692906656729e-06
202,261,Application_1093861933,1,0.8066666666666666,0.8066600080601274,6.6586065392559846e-06
203,4617,Application_109999371,0,0.7333333333333333,0.7333266729130588,6.660420274529066e-06
204,4031,Application_1413647211,1,0.64,0.6399933354276317,6.664572368308974e-06
205,4766,Application_2142018582,0,0.2,0.19999331850709418,6.68149290583564e-06
206,5107,Application_579964835,1,0.43333333333333335,0.4333266620674374,6.671265895930034e-06
207,4344,Application_515101580,1,0.42,0.4199933257165616,6.674283438368178e-06
208,2845,Application_240075618,0,0.4533333333333333,0.4533266584286251,6.674904708237062e-06
209,5903,Application_832057009,0,0.49,0.4899933306131258,6.669386874214034e-06
210,1848,Application_662049888,0,0.29333333333333333,0.2933266578032637,6.675530069610858e-06
211,1484,Application_1818695540,1,0.7333333333333333,0.733326670410559,6.662922774292035e-06
212,1964,Application_2089315093,1,0.7866666666666666,0.7866600092457786,6.657420888012133e-06
213,5361,Application_1202702224,1,0.3433333333333333,0.3433266596513499,6.673681983426771e-06
214,5613,Application_1812318096,0,0.7366666666666667,0.7366600032795914,6.663387075334093e-06
215,6252,Application_813308967,1,0.28,0.2799933250531164,6.674946883611366e-06
216,4366,Application_807155180,1,0.6133333333333333,0.6133266688201962,6.664513137133454e-06
217,3749,Application_109176319,1,0.6533333333333333,0.6533266710533916,6.662279941727078e-06
218,3664,Application_421333270,1,0.47,0.4699933322132015,6.667786798475461e-06
219,2783,Application_476768361,1,0.58,0.5799933354397052,6.664560294744604e-06
220,6123,Application_1136165010,1,0.6233333333333333,0.6233266709689163,6.66236441704271e-06
221,408,Application_1600471037,0,0.9433333333333334,0.9433266762330649,6.657100268481209e-06
222,4560,Application_1623607293,0,0.46,0.4599933316463642,6.668353635830293e-06
223,3673,Application_1605888035,1,0.4666666666666667,0.46665999802188074,6.668644785934319e-06
224,6207,Application_188935499,0,0.30333333333333334,0.30332665735897046,6.6759743628797e-06
225,3936,Application_493036402,1,0.54,0.5399933343169844,6.665683015660839e-06
226,2898,Application_1140614876,0,0.49333333333333335,0.4933266638645115,6.669468821829394e-06
227,861,Application_997592088,0,0.43666666666666665,0.43665999428250357,6.672384163075584e-06
228,568,Application_591439695,1,0.8966666666666666,0.8966600088282217,6.657838444890096e-06
229,4907,Application_47029740,1,0.5033333333333333,0.5033266667084676,6.666624865703241e-06
230,5418,Application_68169913,0,0.6333333333333333,0.633326668972465,6.66436086826927e-06
231,5877,Application_1198919634,1,0.6933333333333334,0.6933266718126541,6.661520679296373e-06
232,5475,Application_1152608339,0,0.79,0.7899933430537376,6.656946262451058e-06
233,5967,Application_52637026,1,0.39666666666666667,0.3966599953997739,6.671266892743777e-06
234,4960,Application_1958977845,0,0.2866666666666667,0.28665998829571804,6.6783709486428755e-06
235,3017,Application_676010641,1,0.6833333333333333,0.6833266727940421,6.660539291214462e-06
236,6242,Application_47037036,0,0.7,0.699993339113934,6.660886065934513e-06
237,3103,Application_1925786885,1,0.8666666666666667,0.8666600070655555,6.659601111236313e-06
238,4183,Application_747928417,0,0.26666666666666666,0.26665998961249604,6.67705417062292e-06
239,5667,Application_1318153169,0,0.32,0.3199933221522544,6.6778477456064245e-06
240,6270,Application_965278193,1,0.6033333333333334,0.6033266670969456,6.666236387786739e-06
241,1881,Application_1846502351,1,0.4533333333333333,0.4533266640767922,6.66925654113637e-06
242,2677,Application_1794381253,0,0.5633333333333334,0.5633266645997012,6.668733632197998e-06
243,3376,Application_1962542067,0,0.61,0.6099933317900347,6.668209965310368e-06
244,1472,Application_555699088,0,0.5833333333333334,0.5833266660508502,6.667282483219239e-06
245,2358,Application_1681794627,1,0.5266666666666666,0.52665999892458,6.667742086574613e-06
246,3314,Application_467208365,1,0.8133333333333334,0.8133266753266001,6.658006733273325e-06
247,2901,Application_453521125,1,0.7,0.6999933357458028,6.664254197152886e-06
248,5463,Application_2076812467,1,0.6433333333333333,0.6433266678850444,6.665448288867282e-06
249,1202,Application_1537507196,0,0.5866666666666667,0.5866600009321603,6.6657345063614315e-06
250,648,Application_974380976,1,0.2733333333333333,0.273326655163926,6.678169407303702e-06
251,1795,Application_130653490,0,0.61,0.609993335177852,6.664822147950389e-06
252,1548,Application_86016468,1,0.5333333333333333,0.5333266659103802,6.667422953077207e-06
253,2453,Application_1997272398,0,0.5866666666666667,0.5866600011849445,6.665481722123445e-06
254,2565,Application_1206648420,1,0.7166666666666667,0.7166600069569937,6.659709672951486e-06
255,4789,Application_147809631,0,0.48,0.47999333173306247,6.668266937515099e-06
256,5585,Application_100853745,0,0.45666666666666667,0.45665999893698894,6.667729677722889e-06
257,754,Application_365485542,0,0.5166666666666667,0.5166599982012018,6.6684654649318276e-06
258,3402,Application_302452407,0,0.45666666666666667,0.45665999724610035,6.669420566318696e-06
259,2994,Application_2020372305,0,0.41,0.4099933287737516,6.671226248367024e-06
260,1586,Application_1105229091,0,0.2833333333333333,0.28332665409515395,6.679238179374547e-06
261,4311,Application_545440810,0,0.35333333333333333,0.35332665561529186,6.677718041470104e-06
262,2134,Application_1322203709,1,0.6833333333333333,0.683326668100436,6.665232897384854e-06
263,2581,Application_1572708761,1,0.7633333333333333,0.7633266732542249,6.660079108433692e-06
264,5313,Application_1198234313,1,0.7733333333333333,0.7733266691019376,6.664231395725473e-06
265,5664,Application_1090606231,1,0.36666666666666664,0.36665999088931844,6.675777348197354e-06
266,4718,Application_1857316370,0,0.34,0.33999332331008664,6.676689913387435e-06
267,2081,Application_1297366419,1,0.8,0.799993344391231,6.655608769001731e-06
268,5519,Application_652307166,1,0.39666666666666667,0.39665999157311693,6.675093549735056e-06
269,5617,Application_123758220,1,0.6933333333333334,0.6933266692471972,6.664086136143332e-06
270,3442,Application_1696760888,0,0.22333333333333333,0.22332665498068377,6.6783526495584056e-06
271,2512,Application_1068273919,1,0.4533333333333333,0.45332666370185104,6.669631482270066e-06
272,6124,Application_1080844867,0,0.6966666666666667,0.6966600070540407,6.659612625914413e-06
273,2899,Application_721338074,1,0.4766666666666667,0.4766599974734557,6.669193210961932e-06
274,693,Application_855239950,1,0.6133333333333333,0.6133266688429917,6.6644903415902235e-06
275,5231,Application_1176335358,0,0.44666666666666666,0.44665999394126743,6.672725399226032e-06
276,3093,Application_1383315955,0,0.38,0.3799933254654773,6.67453452268818e-06
277,949,Application_113474586,1,0.5966666666666667,0.5966600006188049,6.666047861814128e-06
278,6224,Application_406889230,1,0.51,0.5099933324466283,6.6675533717530655e-06
279,4143,Application_752586469,0,0.44333333333333336,0.4433266628247804,6.670508552963916e-06
280,4627,Application_1721513096,0,0.54,0.53999333109938,6.668900620065976e-06
281,200,Application_306086229,0,0.6733333333333333,0.6733266727296385,6.660603694808032e-06
282,3579,Application_943060504,1,0.73,0.7299933407690673,6.659230932681837e-06
283,2839,Application_1356606116,1,0.7566666666666667,0.756660008425399,6.6582412676652325e-06
284,4738,Application_503919356,0,0.7566666666666667,0.7566600076384972,6.659028169542225e-06
285,2706,Application_1472456050,0,0.6033333333333334,0.603326662507515,6.670825818400061e-06
286,3423,Application_1358966881,1,0.7033333333333334,0.7033266705045249,6.662828808456922e-06
287,2794,Application_1010657155,1,0.5666666666666667,0.5666599989730982,6.667693568496169e-06
288,1934,Application_161248895,0,0.57,0.5699933356554963,6.6643445036929094e-06
289,751,Application_1471430106,1,0.76,0.7599933370141244,6.662985875593996e-06
290,3975,Application_1334425086,1,0.19666666666666666,0.19665998741464658,6.679252020080906e-06
291,2405,Application_1640033565,0,0.6,0.5999933356050039,6.664394996080958e-06
292,1923,Application_1674949270,1,0.6166666666666667,0.6166600042102461,6.662456420558627e-06
293,2028,Application_1231464056,1,0.6666666666666666,0.6666600028513437,6.663815322882627e-06
294,1824,Application_1632754032,0,0.11333333333333333,0.11332664713802781,6.68619530551362e-06
295,840,Application_240111953,0,0.32666666666666666,0.3266599900002839,6.676666382765539e-06
296,3355,Application_1971957937,0,0.42,0.4199933292387627,6.67076123728183e-06
297,3834,Application_8352800,1,0.54,0.5399933340957961,6.6659042039507455e-06
298,2487,Application_569214142,1,0.5633333333333334,0.5633266660858652,6.66724746811731e-06
299,2268,Application_65717423,0,0.68,0.6799933331649624,6.666835037694163e-06
300,2635,Application_661194677,0,0.36666666666666664,0.3666599913507109,6.675315955717576e-06
301,5713,Application_1825535812,0,0.2966666666666667,0.29665999043893887,6.676227727819839e-06
302,5166,Application_2104220031,0,0.41,0.40999332932010973,6.670679890241615e-06
303,1498,Application_2003208027,0,0.5833333333333334,0.5833266657973244,6.667536008975183e-06
304,533,Application_1757112551,0,0.6366666666666667,0.6366600031094595,6.663557207242654e-06
305,263,Application_79681847,0,0.4533333333333333,0.45332665998508426,6.673348249053301e-06
306,246,Application_1425820279,1,0.5466666666666666,0.5466599990089197,6.667657746928235e-06
307,2712,Application_1033509575,1,0.5666666666666667,0.5666600009679511,6.665698715546675e-06
308,3774,Application_1528113685,1,0.35333333333333333,0.353326661882037,6.671451296347275e-06
309,2655,Application_1755263044,0,0.42333333333333334,0.42332666290385723,6.670429476107742e-06
310,2352,Application_90041934,0,0.66,0.6599933363872084,6.663612791668605e-06
311,520,Application_2099334395,0,0.5833333333333334,0.5833266663533743,6.66697995910237e-06
312,3926,Application_767198533,1,0.7366666666666667,0.7366600068837117,6.659782954998583e-06
313,2499,Application_627088243,0,0.52,0.5199933337025029,6.66629749712655e-06
314,4378,Application_946583171,1,0.5733333333333334,0.5733266689236197,6.6644097136414615e-06
315,6226,Application_1562801332,1,0.5166666666666667,0.5166600005237729,6.666142893796412e-06
316,6160,Application_1724202676,1,0.27,0.2699933195074609,6.6804925391017456e-06
317,1081,Application_131097851,0,0.48333333333333334,0.48332666129808166,6.672035251675812e-06
318,46,Application_164778672,1,0.4866666666666667,0.48665999648935365,6.670177313039538e-06
319,79,Application_1109722425,0,0.4166666666666667,0.4166599952146752,6.671451991457911e-06
320,2789,Application_1098883900,1,0.7533333333333333,0.7533266679971717,6.665336161559843e-06
321,4386,Application_494333708,1,0.4066666666666667,0.4066599960435352,6.67062313147726e-06
322,6054,Application_129816772,0,0.58,0.5799933335536923,6.666446307646012e-06
323,3609,Application_73130035,1,0.78,0.7799933409430575,6.65905694252622e-06
324,5595,Application_1604706641,1,0.7866666666666666,0.7866600080588797,6.65860778692462e-06
325,3806,Application_160303236,1,0.8166666666666667,0.8166600058548478,6.660811818881562e-06
326,4347,Application_424363323,0,0.5166666666666667,0.516659999225474,6.667441192709234e-06
327,538,Application_199635820,0,0.7233333333333334,0.723326673330576,6.660002757397088e-06
328,6067,Application_592054830,1,0.6,0.5999933368640978,6.663135902140738e-06
329,4655,Application_1693259722,0,0.5866666666666667,0.586659998591702,6.668074964633064e-06
330,1059,Application_1681361801,1,0.8833333333333333,0.8833266786793226,6.654654010729288e-06
331,6002,Application_2014291061,0,0.7033333333333334,0.70332667103747,6.662295863324452e-06
332,5842,Application_607744520,0,0.5166666666666667,0.5166599966999904,6.669966676309258e-06
333,2730,Application_2001409988,0,0.30333333333333334,0.3033266538273141,6.679506019235948e-06
334,5408,Application_1925249196,1,0.5833333333333334,0.5833266680115855,6.665321747867381e-06
335,5894,Application_946413213,0,0.7533333333333333,0.753326672645423,6.660687910331475e-06
336,5047,Application_1282312320,1,0.4066666666666667,0.4066599917442768,6.674922389870996e-06
337,1957,Application_760332880,1,0.83,0.829993339861431,6.660138568981289e-06
338,2624,Application_1742464377,1,0.5066666666666667,0.5066599969955998,6.669671066883431e-06
339,1432,Application_1319119150,1,0.41333333333333333,0.4133266597247862,6.673608547114185e-06
340,5055,Application_2030168144,0,0.32,0.31999332301111283,6.676988887177604e-06
341,4625,Application_967577338,1,0.6933333333333334,0.6933266739631248,6.659370208605964e-06
342,120,Application_1487539906,0,0.21333333333333335,0.21332665773312415,6.675600209199439e-06
343,1486,Application_1192171561,1,0.5633333333333334,0.5633266654404802,6.6678928531960224e-06
344,5682,Application_1727146404,1,0.49,0.4899933294819918,6.6705180081783055e-06
345,924,Application_25063668,1,0.11666666666666667,0.11665998161117247,6.685055494198844e-06
346,5271,Application_390553107,1,0.54,0.5399933326707121,6.667329287890489e-06
347,512,Application_823313933,0,0.42333333333333334,0.4233266582924018,6.675040931547471e-06
348,4164,Application_96540087,0,0.49,0.48999332680501106,6.67319498892649e-06
349,5148,Application_1289132611,1,0.5666666666666667,0.5666600007965448,6.665870121880246e-06
350,1846,Application_407010106,0,0.19666666666666666,0.1966599836448647,6.683021801956457e-06
351,5317,Application_304214284,0,0.48,0.47999333099534086,6.669004659121125e-06
352,4882,Application_149980465,1,0.57,0.5699933340832192,6.665916780779213e-06
353,3608,Application_590885667,1,0.4766666666666667,0.4766599983000419,6.668366624773547e-06
354,4287,Application_1882893523,1,0.36666666666666664,0.3666599921240449,6.674542621765145e-06
355,304,Application_1771690507,0,0.6866666666666666,0.6866600056052131,6.66106145352785e-06
356,4330,Application_1580503830,1,0.8833333333333333,0.8833266802151394,6.653118193922225e-06
357,73,Application_982338727,1,0.43666666666666665,0.4366599961615182,6.670505148465011e-06
358,873,Application_319284701,1,0.74,0.7399933396580836,6.660341916431278e-06
359,4489,Application_1212971337,1,0.25333333333333335,0.25332665376278707,6.6795705462863175e-06
360,3422,Application_276171401,0,0.14333333333333334,0.14332665013690155,6.6831964317948245e-06
361,2859,Application_410550546,1,0.5966666666666667,0.5966599989467162,6.667719950503859e-06
362,1542,Application_1533943599,0,0.6333333333333333,0.6333266711128167,6.662220516595596e-06
363,4923,Application_696705115,1,0.9333333333333333,0.9333266742369523,6.659096381089746e-06
364,479,Application_1180779910,0,0.3933333333333333,0.3933266618198157,6.671513517630956e-06
365,2687,Application_463289149,1,0.9566666666666667,0.9566600145541371,6.652112529592635e-06
366,5756,Application_898682531,0,0.56,0.5599933335321127,6.666467887384009e-06
367,2944,Application_1744206812,1,0.66,0.6599933380850532,6.661914946803904e-06
368,2769,Application_610018749,1,0.8533333333333334,0.85332667595227,6.6573810634240616e-06
369,3934,Application_45900350,1,0.61,0.6099933362997357,6.663700264253336e-06
370,1234,Application_1123320394,0,0.7733333333333333,0.7733266751049731,6.658228360212348e-06
371,4774,Application_1731907819,1,0.52,0.5199933316382035,6.6683617965246356e-06
372,607,Application_2020581879,0,0.5866666666666667,0.5866599974371076,6.669229559053136e-06
373,435,Application_957957984,0,0.37,0.3699933237183726,6.676281627371328e-06
374,3807,Application_1458413157,1,0.3233333333333333,0.3233266598030665,6.67353026678752e-06
375,1445,Application_880283627,0,0.44666666666666666,0.44665999576207543,6.67090459122166e-06
376,454,Application_747812656,1,0.29333333333333333,0.29332665733865526,6.675994678073671e-06
377,926,Application_1785468553,1,0.63,0.6299933316310536,6.668368946360914e-06
378,4084,Application_1114361455,1,0.6333333333333333,0.6333266605742185,6.67275911481191e-06
379,4477,Application_1093058248,0,0.5233333333333333,0.5233266666126106,6.666720722692254e-06
380,5563,Application_467462527,1,0.6766666666666666,0.6766600047619884,6.661904678240127e-06
381,2372,Application_48128651,1,0.7333333333333333,0.7333266727910955,6.66054223774637e-06
382,2595,Application_720027679,0,0.56,0.5599933313755822,6.6686244178937315e-06
383,782,Application_695960596,1,0.74,0.7399933395607073,6.660439292649478e-06
384,5694,Application_14678751,1,0.53,0.5299933290538404,6.670946159581526e-06
385,1731,Application_1163931741,1,0.39666666666666667,0.39665999405423635,6.672612430314029e-06
386,3421,Application_1705931507,1,0.7466666666666667,0.7466600061845372,6.66048212949466e-06
387,5819,Application_398604232,0,0.6033333333333334,0.6033266704008027,6.662932530709931e-06
388,1894,Application_630885216,1,0.38333333333333336,0.3833266608742003,6.672459133050257e-06
389,55,Application_269524897,1,0.6366666666666667,0.6366600034516658,6.6632150008683055e-06
390,5671,Application_656422328,0,0.4766666666666667,0.4766599963242224,6.670342444281552e-06
391,4916,Application_1809362004,0,0.83,0.8299933429488683,6.657051131675473e-06
392,4589,Application_2041204599,1,0.39666666666666667,0.3966599956288467,6.671037819983017e-06
393,2785,Application_933312827,1,0.43666666666666665,0.4366599948492211,6.671817445569328e-06
394,252,Application_1417653464,0,0.7333333333333333,0.7333266710068423,6.66232649093601e-06
395,4145,Application_1452954952,0,0.53,0.529993333977267,6.666022733026189e-06
396,3053,Application_219075718,0,0.37666666666666665,0.3766599944137622,6.672252904460496e-06
397,6013,Application_1715369188,1,0.5166666666666667,0.5166599984654128,6.668201253945405e-06
398,3036,Application_1044858457,0,0.5,0.49999333295001647,6.667049983533069e-06
399,1672,Application_1055536343,0,0.58,0.5799933324516676,6.6675483323397344e-06
400,5116,Application_1988789101,0,0.74,0.7399933391015189,6.660898481114508e-06
401,1654,Application_1485877917,1,0.7966666666666666,0.7966600101224556,6.656544211058879e-06
402,804,Application_1300309831,0,0.24,0.2399933205858294,6.679414170596143e-06
403,4934,Application_906393285,1,0.39,0.38999332284676125,6.677153238765499e-06
404,1979,Application_1054883456,1,0.5766666666666667,0.5766599937345656,6.672932101103868e-06
405,5352,Application_501690338,1,0.7033333333333334,0.7033266738269062,6.659506427197925e-06
406,336,Application_368529383,1,0.4066666666666667,0.406659994055345,6.672611321700828e-06
407,686,Application_95477936,0,0.7333333333333333,0.7333266714301938,6.661903139471015e-06
408,2869,Application_1810497253,0,0.74,0.739993339613763,6.6603862369785105e-06
409,785,Application_548136507,0,0.6866666666666666,0.6866600016534516,6.6650132150014585e-06
410,4856,Application_1780999556,0,0.59,0.5899933364827419,6.663517258087559e-06
411,4128,Application_698131674,1,0.71,0.7099933350542107,6.664945789269794e-06
412,4827,Application_1999348863,0,0.6633333333333333,0.6633266727507232,6.660582610118482e-06
413,3818,Application_1721568336,1,0.6733333333333333,0.6733266719245552,6.6614087781413645e-06
414,2993,Application_1700085215,1,0.4766666666666667,0.4766599972231369,6.669443529783159e-06
415,2459,Application_2063868735,1,0.7166666666666667,0.7166600077125699,6.6589540967942895e-06
416,4526,Application_43601953,0,0.5266666666666666,0.5266600012076611,6.6654590055170715e-06
417,5904,Application_1181636340,0,0.6,0.5999933343372383,6.6656627616401565e-06
418,430,Application_1680088322,1,0.6466666666666666,0.6466599977487296,6.668917936991647e-06
419,4618,Application_826353357,1,0.19333333333333333,0.1933266507626415,6.682570691834977e-06
420,1040,Application_1777715425,0,0.7033333333333334,0.7033266709843923,6.662348941088858e-06
421,4754,Application_988769752,0,0.44666666666666666,0.44665999550356983,6.6711630968274704e-06
422,1138,Application_1604619511,0,0.51,0.5099933329172663,6.667082733669005e-06
423,107,Application_150503991,0,0.46,0.4599933244091542,6.67559084582825e-06
424,3143,Application_75752751,1,0.5933333333333334,0.593326668639576,6.664693757429951e-06
425,3347,Application_1908851243,1,0.5966666666666667,0.5966600013968376,6.6652698290647905e-06
426,5264,Application_1859548293,0,0.26,0.2599933183352325,6.6816647675271845e-06
427,6243,Application_718432981,1,0.44,0.43999333008713687,6.669912863133121e-06
428,3595,Application_76843824,0,0.5933333333333334,0.5933266599375508,6.673395782530456e-06
429,4715,Application_2086684889,1,0.6433333333333333,0.6433266674107371,6.665922596238438e-06
430,5005,Application_2131674188,0,0.4066666666666667,0.4066599917435088,6.674923157867774e-06
431,5562,Application_88370644,1,0.5266666666666666,0.5266599996310621,6.667035604479565e-06
432,944,Application_1251689244,1,0.67,0.6699933385631701,6.661436829924483e-06
433,2549,Application_1280243861,1,0.5166666666666667,0.5166599974373501,6.669229316580427e-06
434,645,Application_99697167,0,0.88,0.8799933472940242,6.652705975773721e-06
435,1980,Application_1454712100,0,0.58,0.5799933337503599,6.666249640074895e-06
436,4414,Application_1928513473,0,0.8533333333333334,0.8533266752564873,6.658076846077776e-06
437,2539,Application_1829351727,1,0.47,0.46999332923186427,6.670768135708105e-06
438,2514,Application_1382111001,1,0.88,0.8799933393276366,6.660672363434372e-06
439,1897,Application_1961369857,1,0.58,0.5799933346128999,6.6653871000355025e-06
440,4546,Application_1549644894,1,0.5533333333333333,0.5533266649705565,6.668362776851566e-06
441,2272,Application_6091391,1,0.49,0.4899933265091647,6.67349083527391e-06
442,5951,Application_1926351537,1,0.5033333333333333,0.5033266653485746,6.667984758679246e-06
443,1591,Application_468762842,0,0.6133333333333333,0.6133266691098934,6.664223439867278e-06
444,3129,Application_183981334,0,0.7133333333333334,0.7133266722324034,6.661100929949981e-06
445,5995,Application_271354179,0,0.7833333333333333,0.783326675170593,6.6581627403694554e-06
446,546,Application_2089979544,1,0.6466666666666666,0.6466600033639823,6.663302684284389e-06
447,4775,Application_973645066,1,0.7933333333333333,0.793326669072621,6.664260712385683e-06
448,5659,Application_1011449253,1,0.79,0.7899933412498139,6.6587501861281595e-06
449,3700,Application_788568078,1,0.5433333333333333,0.543326664648168,6.668685165300836e-06
450,3455,Application_794921244,1,0.8,0.7999933406192725,6.659380727525033e-06
451,5241,Application_1691653218,0,0.6266666666666667,0.6266599964437404,6.67022292633046e-06
452,180,Application_413991815,1,0.8333333333333334,0.8333266758870586,6.6574462748159036e-06
453,2724,Application_1319249477,1,0.38,0.3799933222732754,6.677726724579891e-06
454,3339,Application_1661574532,0,0.25,0.24999332078039943,6.679219600569386e-06
455,3755,Application_1383670779,1,0.6933333333333334,0.6933266701851082,6.663148225172222e-06
456,6099,Application_1317584206,1,0.4066666666666667,0.4066599963223018,6.670344364856362e-06
457,4653,Application_619819743,1,0.31,0.3099933257483357,6.674251664284814e-06
458,1492,Application_2131147799,0,0.7666666666666667,0.7666600046184308,6.662048235961393e-06
459,6047,Application_1568546217,0,0.4533333333333333,0.4533266636323646,6.669700968686687e-06
460,5216,Application_391897610,1,0.8266666666666667,0.8266600095979604,6.6570687062839085e-06
461,5602,Application_1270379726,0,0.38666666666666666,0.3866599928254787,6.673841187965213e-06
462,1037,Application_1567826735,1,0.69,0.6899933371274515,6.662872548468535e-06
463,1869,Application_1197889328,1,0.5466666666666666,0.5466600008844834,6.6657821832238895e-06
464,1433,Application_1469553374,0,0.39,0.3899933258508352,6.674149164831444e-06
465,30,Application_1012862839,0,0.47333333333333333,0.47332666066393553,6.672669397800313e-06
466,5220,Application_1656558410,1,0.6533333333333333,0.6533266691641832,6.6641691500723965e-06
467,3280,Application_545803836,1,0.7,0.6999933338408763,6.6661591237027196e-06
468,2286,Application_1214717043,0,0.6133333333333333,0.6133266709863248,6.662347008523639e-06
469,4689,Application_1568049809,0,0.5533333333333333,0.5533266680308584,6.665302474950785e-06
470,4747,Application_755691679,0,0.2966666666666667,0.2966599924641269,6.674202539802554e-06
471,3336,Application_1667186103,1,0.9066666666666666,0.9066600073528521,6.659313814494361e-06
472,1740,Application_2030070785,1,0.4866666666666667,0.4866599945736627,6.672093003978752e-06
473,1539,Application_102404144,1,0.7633333333333333,0.7633266741374595,6.65919587383712e-06
474,3005,Application_438616024,0,0.74,0.7399933401099865,6.659890013471781e-06
475,4745,Application_2129809170,1,0.44666666666666666,0.4466599953772071,6.6712894595810646e-06
476,1013,Application_640176586,1,0.67,0.6699933301520211,6.669847978924004e-06
477,4319,Application_1660566754,1,0.7,0.6999933383457546,6.661654245343485e-06
478,5853,Application_682334885,1,0.6533333333333333,0.6533266701143978,6.663218935498705e-06
479,102,Application_1118317851,1,0.36,0.359993326252934,6.673747065977231e-06
480,1835,Application_427956403,1,0.34,0.33999332439781965,6.675602180372664e-06
481,1702,Application_836389034,1,0.7966666666666666,0.7966600086885479,6.657978118718155e-06
482,4911,Application_18547553,1,0.8066666666666666,0.8066600051636998,6.661502966798238e-06
483,4179,Application_1287950240,0,0.43,0.4299933279183984,6.672081601599711e-06
484,3479,Application_2092956119,1,0.3233333333333333,0.32332665500267455,6.678330658760334e-06
485,618,Application_129565630,1,0.36,0.3599933269120071,6.673087992903337e-06
486,2614,Application_376682366,0,0.32,0.3199933244518365,6.675548163526113e-06
487,4160,Application_1801180457,1,0.4766666666666667,0.47665999853358393,6.6681330827544905e-06
488,4206,Application_1290488002,1,0.73,0.7299933404119104,6.659588089541479e-06
489,2210,Application_959028510,1,0.5533333333333333,0.5533266639419526,6.669391380720313e-06
490,2557,Application_244920825,1,0.3933333333333333,0.3933266578828144,6.6754505189114965e-06
491,1513,Application_1342845149,0,0.9233333333333333,0.9233266814224075,6.651910925858928e-06
492,4585,Application_1914051970,1,0.59,0.5899933352145547,6.664785445309462e-06
493,5297,Application_547388165,0,0.5166666666666667,0.5166599974528348,6.669213831966836e-06
494,2262,Application_1495351732,0,0.6466666666666666,0.6466600037463128,6.662920353783797e-06
495,4735,Application_1816208063,1,0.7966666666666666,0.7966600044148666,6.662251800015895e-06
496,5415,Application_1763148577,0,0.31,0.3099933216723052,6.678327694797925e-06
497,2725,Application_1129969277,1,0.31,0.3099933220122925,6.677987707481847e-06
498,3431,Application_1848644842,0,0.2633333333333333,0.2633266542260582,6.679107275087137e-06
499,5483,Application_101540725,1,0.39,0.3899933280058929,6.671994107088075e-06
500,433,Application_1169664042,1,0.47,0.46999333166822554,6.668331774428715e-06
501,5916,Application_592637105,1,0.26666666666666666,0.2666599890985189,6.677568147761548e-06
502,5668,Application_2089121798,1,0.57,0.56999333439957,6.665600429944796e-06
503,5553,Application_2140398412,1,0.87,0.869993344585934,6.655414065970255e-06
504,2074,Application_1754698041,0,0.5,0.49999333258400946,6.667415990535552e-06
505,97,Application_1339399261,0,0.69,0.6899933375389962,6.662461003781317e-06
506,2991,Application_1898724773,0,0.5966666666666667,0.5966600031087976,6.663557869046599e-06
507,6238,Application_1778929740,1,0.5666666666666667,0.5666600016107244,6.665055942267628e-06
508,229,Application_357880380,0,0.8366666666666667,0.8366600104494014,6.6562172652551155e-06
509,5323,Application_454397872,1,0.37,0.3699933246026435,6.675397356492585e-06
510,326,Application_1324680297,1,0.7866666666666666,0.7866600050317633,6.6616349033710165e-06
511,595,Application_585298607,0,0.2,0.19999331669314507,6.683306854937676e-06
512,2727,Application_512570243,1,0.79,0.7899933397725745,6.660227425570042e-06
513,4342,Application_1484955476,1,0.8066666666666666,0.8066600084989022,6.658167764461709e-06
514,4941,Application_690050804,1,0.39,0.38999332650508267,6.673494917341927e-06
515,1410,Application_1764772652,0,0.49,0.48999333041350784,6.669586492147328e-06
516,845,Application_1139095492,1,0.5266666666666666,0.526659999165677,6.667500989654407e-06
517,4643,Application_917476215,1,0.5366666666666666,0.5366599991419694,6.667524697245852e-06
518,5296,Application_1905583805,0,0.6733333333333333,0.6733266684327095,6.66490062384284e-06
519,899,Application_1713552898,0,0.5266666666666666,0.5266599962695916,6.6703970750259245e-06
520,529,Application_1896375934,1,0.6633333333333333,0.6633266713367917,6.661996541645898e-06
521,5396,Application_356707934,0,0.64,0.6399933370580589,6.66294194107131e-06
522,1135,Application_542782205,0,0.14333333333333334,0.14332664915534915,6.684177984189743e-06
523,572,Application_408864407,0,0.7766666666666666,0.7766600096718201,6.656994846476749e-06
524,2744,Application_1203975466,1,0.62,0.6199933348984092,6.66510159075262e-06
525,5464,Application_1171303407,0,0.86,0.8599933404114981,6.659588501878311e-06
526,3798,Application_1389933200,1,0.5133333333333333,0.5133266675819125,6.665751420831256e-06
527,3768,Application_1310645919,1,0.5166666666666667,0.5166600012206699,6.665445996811847e-06
528,4358,Application_620674374,1,0.5166666666666667,0.5166599986816528,6.66798501391952e-06
529,6132,Application_142058100,0,0.6466666666666666,0.6466599997772968,6.666889369788542e-06
530,489,Application_1559916934,0,0.6866666666666666,0.6866600028359295,6.6638307371080785e-06
531,750,Application_717400110,1,0.24,0.23999332069559182,6.679304408174769e-06
532,1009,Application_2088969676,0,0.4,0.3999933282353036,6.671764696430937e-06
533,5351,Application_1251803432,1,0.6833333333333333,0.683326670131781,6.663201552292719e-06
534,3644,Application_1338704516,1,0.6133333333333333,0.6133266705577012,6.6627756321047116e-06
535,849,Application_755180147,1,0.6366666666666667,0.6366600041899609,6.662476705776577e-06
536,5793,Application_1244985500,0,0.3333333333333333,0.3333266568835117,6.676449821607644e-06
537,3413,Application_618229289,1,0.42,0.41999332875158935,6.671248410639041e-06
538,1820,Application_930473495,1,0.37666666666666665,0.37665999450152254,6.672165144105957e-06
539,4929,Application_128895870,0,0.29333333333333333,0.29332665399676516,6.6793365681716566e-06
540,3676,Application_713914859,1,0.7033333333333334,0.703326673160363,6.66017297035193e-06
541,2214,Application_372771478,0,0.63,0.6299933376351723,6.662364827714207e-06
542,2296,Application_1034123285,0,0.20333333333333334,0.20332665080641893,6.682526914408848e-06
543,3131,Application_196759164,1,0.7866666666666666,0.7866600048015332,6.6618651334282575e-06
544,5947,Application_684536307,0,0.4633333333333333,0.4633266647093488,6.668623984518174e-06
545,2818,Application_2008855109,1,0.38,0.3799933248630314,6.675136968614659e-06
546,4301,Application_1656801440,1,0.6233333333333333,0.6233266659786305,6.667354702782902e-06
547,2893,Application_1836169687,1,0.39666666666666667,0.3966599951501806,6.671516486089768e-06
548,967,Application_1877814469,1,0.5,0.49999332896310944,6.671036890559812e-06
549,4624,Application_1181412903,1,0.6466666666666666,0.6466599965411388,6.6701255277967775e-06
550,2914,Application_1164942045,1,0.44666666666666666,0.4466599970717973,6.66959486933516e-06
551,5010,Application_216754029,1,0.7066666666666667,0.7066600036836697,6.662982997007738e-06
552,3475,Application_1023366085,0,0.56,0.5599933338264045,6.666173595570868e-06
553,3445,Application_1948065851,0,0.37,0.3699933265486486,6.673451351413284e-06
554,2385,Application_100886157,1,0.4633333333333333,0.4633266632715516,6.6700617817327945e-06
555,5955,Application_570026516,1,0.58,0.5799933325266315,6.667473368415777e-06
556,3223,Application_2086306319,1,0.5066666666666667,0.506659998738318,6.667928348691454e-06
557,847,Application_1513197861,1,0.32,0.3199933267612406,6.673238759413724e-06
558,2275,Application_1444165100,0,0.53,0.529993332930585,6.667069414989513e-06
559,3240,Application_2087424613,1,0.5,0.4999933323076484,6.667692351580712e-06
560,892,Application_1272345729,1,0.6066666666666667,0.6066600027901972,6.663876469525931e-06
561,1598,Application_136943471,1,0.49666666666666665,0.4966599970681491,6.669598517528019e-06
562,1783,Application_1278442463,1,0.67,0.6699933344730686,6.665526931404209e-06
563,773,Application_583747115,0,0.38333333333333336,0.3833266586182166,6.674715116783414e-06
564,3784,Application_116207051,1,0.5133333333333333,0.5133266660458,6.667287533290711e-06
565,5118,Application_1276950247,1,0.4,0.39999332279774646,6.6772022535577236e-06
566,5252,Application_1399403690,1,0.5433333333333333,0.5433266666854462,6.6666478871768575e-06
567,3667,Application_1524653471,1,0.38,0.37999332500491484,6.674995085165225e-06
568,4709,Application_1758727131,1,0.20333333333333334,0.20332665428169994,6.679051633401434e-06
569,3396,Application_2120459067,1,0.42333333333333334,0.42332665778971745,6.67554361588607e-06
570,1640,Application_1480383161,1,0.25,0.24999331762413285,6.682375867150814e-06
571,4981,Application_1194598473,0,0.11,0.1099933166755993,6.6833244006941905e-06
572,3159,Application_818706394,1,0.7566666666666667,0.7566600075613417,6.659105325046433e-06
573,3547,Application_713608338,0,0.44,0.4399933286749512,6.67132504877932e-06
574,974,Application_1778205577,0,0.3933333333333333,0.39332665839927095,6.674934062367299e-06
575,6127,Application_1718051306,1,0.39666666666666667,0.3966599959141738,6.670752492887733e-06
576,868,Application_1973871032,1,0.55,0.5499933350572291,6.664942770906457e-06
577,3565,Application_1777257181,1,0.7033333333333334,0.7033266709298971,6.6624034362749995e-06
578,3702,Application_491922375,0,0.41,0.40999332581494763,6.674185052346626e-06
579,4679,Application_1017777344,1,0.5233333333333333,0.5233266687362238,6.664597109518056e-06
580,2593,Application_489358039,0,0.61,0.6099933361204046,6.663879595358857e-06
581,3766,Application_488753134,1,0.8366666666666667,0.8366600081017277,6.658564938977207e-06
582,799,Application_637297513,0,0.23,0.22999331897354092,6.681026459093298e-06
583,4449,Application_159963009,0,0.5633333333333334,0.5633266685583501,6.664774983233812e-06
584,4821,Application_475818880,1,0.5033333333333333,0.5033266661008169,6.66723251641077e-06
585,5098,Application_1561692075,1,0.38333333333333336,0.38332665762603124,6.675707302117306e-06
586,5941,Application_1281199569,1,0.6466666666666666,0.6466600034204898,6.6632461768190154e-06
587,1268,Application_8497910,1,0.8666666666666667,0.8666600088316827,6.657834983991862e-06
588,3065,Application_30994806,1,0.51,0.5099933321237826,6.667876217392177e-06
589,5512,Application_1634619568,0,0.5133333333333333,0.5133266633555595,6.669977773765545e-06
590,5988,Application_690259244,0,0.49,0.48999333176992577,6.668230074224901e-06
591,470,Application_310417357,0,0.6566666666666666,0.6566600047435878,6.6619230788544925e-06
592,1793,Application_1892394315,1,0.3933333333333333,0.39332665732106253,6.676012270778742e-06
593,4190,Application_613891711,1,0.7133333333333334,0.7133266744078179,6.658925515434788e-06
594,4519,Application_1162627178,0,0.17333333333333334,0.17332665055518703,6.682778146305246e-06
595,4235,Application_701033782,0,0.63,0.6299933373427447,6.662657255351867e-06
596,3320,Application_999464866,0,0.7866666666666666,0.7866600075982272,6.659068439440752e-06
597,834,Application_386657742,0,0.46,0.45999333080319554,6.669196804476307e-06
598,4042,Application_415528538,1,0.7566666666666667,0.7566600088543609,6.6578123057992045e-06
599,4085,Application_1862652828,0,0.35333333333333333,0.35332665669273045,6.676640602887307e-06
600,2733,Application_76077728,0,0.6866666666666666,0.6866600055909684,6.6610756982443675e-06
601,4159,Application_880330136,1,0.8866666666666667,0.8866600078429832,6.6588236835585235e-06
602,4082,Application_660773864,0,0.7966666666666666,0.7966600104082855,6.656258381143587e-06
603,5008,Application_1216511082,0,0.18,0.17999331608000357,6.683919996419707e-06
604,5023,Application_489522386,1,0.20333333333333334,0.20332665225629765,6.681077035691763e-06
605,3056,Application_1558911791,1,0.35,0.3499933252943328,6.674705667175651e-06
606,5499,Application_1423276028,1,0.6733333333333333,0.6733266699636532,6.6633696801376985e-06
607,3688,Application_1853348131,0,0.5566666666666666,0.5566600006026776,6.666063989024806e-06
608,3441,Application_1266010499,0,0.51,0.5099933340861336,6.665913866443773e-06
609,6267,Application_1217378577,1,0.59,0.5899933354745738,6.664525426192114e-06
610,1372,Application_903877048,0,0.7,0.6999933396813149,6.660318685014488e-06
611,310,Application_1538042026,1,0.6766666666666666,0.6766599978224084,6.6688442582618634e-06
612,5267,Application_1355696450,0,0.49,0.489993330329042,6.669670957970553e-06
613,5089,Application_503299627,1,0.64,0.639993336076605,6.663923394989446e-06
614,5381,Application_1424424888,1,0.8,0.7999933432921267,6.656707873364809e-06
615,2382,Application_1261424268,1,0.31,0.3099933237589011,6.676241098901858e-06
616,6004,Application_1789535619,1,0.3233333333333333,0.32332665733927446,6.675994058846779e-06
617,4046,Application_272717482,1,0.6366666666666667,0.6366600030781802,6.663588486555128e-06
618,5969,Application_267160125,0,0.6533333333333333,0.6533266712612853,6.662072048024825e-06
619,5883,Application_1535139589,0,0.67,0.6699933378812052,6.6621187948534555e-06
620,5611,Application_1956283946,0,0.8,0.7999933383135399,6.661686460129879e-06
621,664,Application_642553020,1,0.8233333333333334,0.823326677669098,6.655664235410974e-06
622,1042,Application_149591383,0,0.7666666666666667,0.7666600036003728,6.663066293932651e-06
623,3457,Application_224241639,0,0.44666666666666666,0.4466599962815335,6.670385133134005e-06
624,3775,Application_535108628,1,0.6966666666666667,0.6966600011925058,6.665474160838514e-06
625,2942,Application_1025696634,0,0.63,0.6299933347415858,6.6652584141957405e-06
626,5125,Application_1990285970,0,0.6,0.599993333041791,6.6669582089451396e-06
627,2949,Application_1456019868,1,0.8866666666666667,0.8866600042963975,6.662370269250317e-06
628,1495,Application_1631343495,0,0.41,0.40999332535167377,6.674648326210342e-06
629,5740,Application_961923966,1,0.6166666666666667,0.6166600002648549,6.6664018117945645e-06
630,4588,Application_107058559,1,0.5266666666666666,0.5266599962218196,6.670444847034496e-06
631,2848,Application_1991542825,1,0.6266666666666667,0.6266600043124958,6.662354170905438e-06
632,6116,Application_603184043,0,0.5233333333333333,0.52332666715544,6.6661778933552185e-06
633,3446,Application_1522555361,1,0.51,0.5099933322948833,6.667705116703004e-06
634,5159,Application_103087302,1,0.67,0.6699933341721684,6.665827831597859e-06
635,1710,Application_1401634845,0,0.26,0.25999331987108104,6.680128918967743e-06
636,4765,Application_1568109043,1,0.49666666666666665,0.4966599987264288,6.66794023784778e-06
637,1112,Application_352165642,1,0.38,0.3799933235009005,6.676499099522726e-06
638,3726,Application_172281488,0,0.31666666666666665,0.3166599896859711,6.67698069556355e-06
639,1939,Application_1374324644,1,0.27,0.26999332354835776,6.676451642262382e-06
640,2715,Application_1540112874,1,0.78,0.7799933384436106,6.661556389397916e-06
641,4838,Application_2111897411,1,0.5633333333333334,0.5633266690483157,6.664285017610183e-06
642,521,Application_637712751,1,0.36666666666666664,0.36665998956848633,6.677098180307706e-06
643,2505,Application_837911105,0,0.4033333333333333,0.40332665895728503,6.674376048287911e-06
644,1794,Application_2027499518,1,0.7233333333333334,0.7233266735632773,6.659770056094416e-06
645,1162,Application_356808628,1,0.79,0.7899933428632138,6.6571367862700015e-06
646,768,Application_1864868732,1,0.8066666666666666,0.806660008923555,6.657743111593284e-06
647,603,Application_1118794258,1,0.44,0.43999332512596456,6.6748740354394265e-06
648,3653,Application_1972106715,1,0.57,0.5699933355172039,6.664482796070459e-06
649,616,Application_1154947942,1,0.6,0.5999933353203439,6.6646796560432264e-06
650,4707,Application_943624516,0,0.8566666666666667,0.8566600127860984,6.653880568308068e-06
651,628,Application_1096081779,1,0.7933333333333333,0.7933266757321845,6.657601148818415e-06
652,565,Application_2022507317,1,0.6333333333333333,0.6333266700374188,6.663295914477452e-06
653,5069,Application_592450149,1,0.25666666666666665,0.2566599868568214,6.679809845255846e-06
654,4770,Application_1034454,0,0.4533333333333333,0.45332666297754637,6.670355786941862e-06
655,3533,Application_743918944,0,0.5933333333333334,0.593326669076336,6.664256997357398e-06
656,4056,Application_1963851177,0,0.34,0.33999332314591924,6.6768540807893295e-06
657,3022,Application_683270258,0,0.7866666666666666,0.7866600040115772,6.662655089417768e-06
658,2335,Application_1922430231,1,0.3566666666666667,0.35665999312559515,6.673541071533506e-06
659,1681,Application_879185541,1,0.8066666666666666,0.8066600082898232,6.658376843438063e-06
660,3951,Application_1309820423,1,0.77,0.7699933422085818,6.6577914181742415e-06
661,4727,Application_1848685618,0,0.38,0.3799933263679137,6.6736320862847975e-06
662,5404,Application_1925312246,1,0.9466666666666667,0.9466600123389628,6.6543277038588755e-06
663,4751,Application_1706556182,1,0.62,0.6199933366870968,6.663312903221197e-06
664,3549,Application_1000386745,1,0.32666666666666666,0.32665999133792245,6.675328744210063e-06
665,5589,Application_1391906687,1,0.32666666666666666,0.32665999163925064,6.675027416025436e-06
666,3141,Application_1887563703,1,0.6533333333333333,0.6533266707876179,6.6625457154634304e-06
667,5208,Application_1364013859,1,0.5333333333333333,0.5333266645048791,6.668828454237108e-06
668,1657,Application_840178886,1,0.4766666666666667,0.4766599964185847,6.670248081985797e-06
669,4609,Application_575931876,1,0.7133333333333334,0.7133266725797004,6.66075363298102e-06
670,973,Application_1145960664,0,0.42333333333333334,0.42332666366516286,6.6696681704780936e-06
671,1462,Application_1637284981,0,0.74,0.7399933397147214,6.660285278625722e-06
672,822,Application_752373732,1,0.22666666666666666,0.22665998770499235,6.678961674305706e-06
673,1576,Application_634153439,1,0.6466666666666666,0.6466599997777008,6.666888965778384e-06
674,427,Application_308748254,1,0.5366666666666666,0.5366599972709282,6.669395738456707e-06
675,5421,Application_759966350,0,0.8966666666666666,0.8966600096653201,6.6570013464994915e-06
676,3621,Application_423893885,1,0.94,0.9399933449937972,6.655006202782587e-06
677,3683,Application_150572905,1,0.6333333333333333,0.6333266703281163,6.663005217011353e-06
678,908,Application_447126113,1,0.4533333333333333,0.45332666458475523,6.668748578075867e-06
679,1214,Application_1100253381,1,0.6833333333333333,0.6833266710690522,6.662264281143138e-06
680,1634,Application_1309271875,0,0.5866666666666667,0.58666000099488,6.665671786643124e-06
681,1687,Application_1827217035,1,0.3566666666666667,0.3566599947289778,6.671937688884633e-06
682,5679,Application_261020841,1,0.88,0.8799933428555399,6.657144460131548e-06
683,6258,Application_1746250121,1,0.83,0.8299933390497527,6.660950247261432e-06
684,2507,Application_440426323,0,0.5966666666666667,0.5966600026739086,6.663992758060289e-06
685,824,Application_470096249,0,0.4033333333333333,0.4033266596240562,6.6737092770940976e-06
686,4041,Application_652119414,1,0.43666666666666665,0.4366599963060792,6.670360587435198e-06
687,2648,Application_1791899364,1,0.5733333333333334,0.5733266681997993,6.665133534089485e-06
688,3460,Application_977695424,1,0.49333333333333335,0.493326660307297,6.673026036352336e-06
689,5022,Application_274583570,1,0.41333333333333333,0.41332666358967735,6.669743655984828e-06
690,4948,Application_157617137,0,0.4266666666666667,0.42665999380097797,6.672865688728269e-06
691,3181,Application_335735060,1,0.42333333333333334,0.4233266637790536,6.6695542797479135e-06
692,2274,Application_1894562710,0,0.1,0.09999331390867872,6.686091321289611e-06
693,3910,Application_232649243,0,0.6966666666666667,0.696660000251704,6.666414962608336e-06
694,953,Application_194564472,0,0.5,0.4999933318062163,6.6681937836987615e-06
695,6219,Application_560012181,1,0.26,0.25999332127636393,6.678723636077688e-06
696,5900,Application_1814688365,0,0.4766666666666667,0.4766599972205443,6.669446122375966e-06
697,4411,Application_165345006,0,0.3333333333333333,0.3333266601957112,6.673137622092984e-06
698,1532,Application_1876758370,1,0.7533333333333333,0.7533266740313638,6.659301969524911e-06
699,6236,Application_2000018435,0,0.41333333333333333,0.4133266597363997,6.673596933626236e-06
700,146,Application_1069511528,0,0.46,0.45999333014738153,6.669852618490513e-06
701,5648,Application_229644529,0,0.4866666666666667,0.4866599989180814,6.6677485852650875e-06
702,4872,Application_1454660257,1,0.65,0.6499933363147432,6.663685256813601e-06
703,2436,Application_91567678,1,0.65,0.6499933376344842,6.662365515830437e-06
704,2749,Application_797417927,1,0.8366666666666667,0.8366600075581956,6.659108471085418e-06
705,3654,Application_1708743675,1,0.29333333333333333,0.29332665823723186,6.675096101471656e-06
706,5654,Application_140048308,1,0.6166666666666667,0.6166600016640373,6.665002629357986e-06
707,3580,Application_1791241142,1,0.6566666666666666,0.6566600027897822,6.6638768844162755e-06
708,5690,Application_843880240,0,0.17,0.1699933151914753,6.684808524698438e-06
709,1628,Application_130375488,0,0.36333333333333334,0.3633266583993779,6.674933955452822e-06
710,756,Application_359276048,1,0.68,0.6799933353912605,6.664608739548328e-06
711,2329,Application_1870978242,0,0.49333333333333335,0.49332666549164406,6.6678416892895775e-06
712,5748,Application_538245491,0,0.49333333333333335,0.49332666393701385,6.669396319491927e-06
713,5644,Application_2102311097,1,0.5333333333333333,0.5333266664803593,6.66685297401326e-06
714,4914,Application_1905206825,1,0.9166666666666666,0.9166600088669872,6.65779967945479e-06
715,6066,Application_916438034,0,0.34,0.33999332228313445,6.677716865577388e-06
716,41,Application_308032472,1,0.6333333333333333,0.6333266709915207,6.662341812568862e-06
717,3730,Application_1356784595,1,0.68,0.6799933338177324,6.6661822676339355e-06
718,6141,Application_1631210332,0,0.3233333333333333,0.3233266572222203,6.6761111129909345e-06
719,905,Application_646977549,0,0.18666666666666668,0.18665998600815048,6.680658516194926e-06
720,5899,Application_1398777870,0,0.76,0.7599933391227536,6.660877246433827e-06
721,6168,Application_28309282,1,0.42,0.41999332837883097,6.67162116901876e-06
722,4967,Application_1432396679,1,0.7833333333333333,0.7833266746948818,6.658638451506604e-06
723,6223,Application_237690186,1,0.20666666666666667,0.20665998788052353,6.6787861431327755e-06
724,2764,Application_1592967370,0,0.5366666666666666,0.5366599997932785,6.666873388128103e-06
725,1853,Application_1222103386,1,0.6533333333333333,0.653326671392305,6.661941028274221e-06
726,5766,Application_672076662,1,0.43666666666666665,0.4366599907144889,6.675952177737088e-06
727,3115,Application_1894462613,0,0.67,0.6699933379097817,6.6620902183789354e-06
728,3587,Application_465329305,0,0.42333333333333334,0.4233266612561717,6.672077161651302e-06
729,3277,Application_1348384755,0,0.5266666666666666,0.5266599974190251,6.6692476414775825e-06
730,338,Application_455972560,0,0.43666666666666665,0.43665999604709926,6.670619567383795e-06
731,3525,Application_348193355,1,0.9266666666666666,0.9266600138028722,6.65286379442076e-06
732,6248,Application_1563029665,1,0.6966666666666667,0.6966600063687762,6.6602978904262145e-06
733,6257,Application_1843232594,1,0.6266666666666667,0.6266600050923512,6.6615743155029605e-06
734,4363,Application_455023384,1,0.7166666666666667,0.7166600045915915,6.662075075158924e-06
735,2518,Application_880598776,0,0.2833333333333333,0.2833266535016682,6.679831665135083e-06
736,5880,Application_585633052,1,0.17333333333333334,0.17332664937180053,6.683961532805149e-06
737,791,Application_2075014351,1,0.42,0.41999332941614553,6.670583854451184e-06
738,5714,Application_1769684418,1,0.6233333333333333,0.6233266702284469,6.66310488639521e-06
739,1874,Application_1392494853,1,0.45666666666666667,0.45665999763077414,6.669035892525876e-06
740,1882,Application_318805669,0,0.44,0.4399933286221437,6.671377856315441e-06
741,5665,Application_451653094,1,0.7366666666666667,0.7366600068280214,6.659838645339811e-06
742,1764,Application_1577698883,0,0.3566666666666667,0.35665999340205584,6.6732646108458304e-06
743,4429,Application_1140236377,0,0.28,0.27999332207417466,6.6779258253713e-06
744,5339,Application_1145270559,0,0.53,0.5299933321444176,6.667855582453974e-06
745,1240,Application_1125229039,0,0.45,0.44999332363624445,6.676363755564463e-06
746,1407,Application_121345362,1,0.4266666666666667,0.42665999326007065,6.6734065960472044e-06
747,233,Application_1953838407,1,0.45666666666666667,0.45665999520231065,6.671464356011736e-06
748,1763,Application_335581048,0,0.44,0.4399933275337371,6.672466262902521e-06
749,831,Application_978016195,1,0.4533333333333333,0.45332666378523023,6.669548103077627e-06
750,1251,Application_1527571617,1,0.43333333333333335,0.43332666269100995,6.6706423234030865e-06
751,3471,Application_1441743982,1,0.18333333333333332,0.183326652582609,6.6807507243249464e-06
752,3000,Application_681547497,0,0.5,0.4999933327387419,6.6672612580864765e-06
753,5924,Application_487837355,0,0.4866666666666667,0.4866599972495733,6.669417093374541e-06
754,4788,Application_612914602,1,0.58,0.5799933331984359,6.6668015640258815e-06
755,5036,Application_1506673860,0,0.63,0.6299933269197263,6.67308027368918e-06
756,1895,Application_441255864,1,0.8933333333333333,0.8933266776688226,6.655664510746284e-06
757,4377,Application_1899237950,1,0.6166666666666667,0.6166600040271623,6.6626395044400155e-06
758,4697,Application_914960694,0,0.6133333333333333,0.6133266699750577,6.663358275593723e-06
759,383,Application_2029271670,0,0.55,0.5499933333082634,6.66669173665646e-06
760,1206,Application_1258641337,0,0.3233333333333333,0.3233266578129187,6.675520414611835e-06
761,4450,Application_564937473,0,0.53,0.5299933344235349,6.665576465114675e-06
762,4823,Application_1581096487,1,0.2833333333333333,0.28332665691788567,6.676415447659512e-06
763,2317,Application_1003291296,0,0.3566666666666667,0.35665999283159033,6.6738350763539955e-06
764,3220,Application_581438988,1,0.6066666666666667,0.6066600032270794,6.6634395873288454e-06
765,3059,Application_1911105271,0,0.6866666666666666,0.6866600047463455,6.661920321171522e-06
766,2186,Application_475848616,1,0.6266666666666667,0.6266600023551238,6.664311542947665e-06
767,2193,Application_190552415,1,0.7933333333333333,0.7933266748091372,6.658524196123672e-06
768,5193,Application_1756652661,0,0.45666666666666667,0.4566599937216388,6.672945027874633e-06
769,3859,Application_2121891840,0,0.64,0.6399933362103924,6.663789607563864e-06
770,3871,Application_2111055752,1,0.7466666666666667,0.7466600027130946,6.663953572072501e-06
771,1324,Application_1493979926,1,0.5933333333333334,0.5933266687812646,6.664552068769147e-06
772,580,Application_1046524820,1,0.21,0.20999332186166947,6.678138330523664e-06
773,4463,Application_1119306976,0,0.42,0.41999333111524384,6.6688847561446885e-06
774,890,Application_2112573494,1,0.7466666666666667,0.7466600048946419,6.661772024796342e-06
775,4015,Application_392859662,0,0.3566666666666667,0.35665999132410864,6.6753425580490244e-06
776,1554,Application_1671457513,1,0.4266666666666667,0.42665999489920586,6.6717674608307576e-06
777,1885,Application_120450797,1,0.38333333333333336,0.3833266609926059,6.672340727431614e-06
778,481,Application_1292771933,0,0.6266666666666667,0.6266600036151061,6.663051560606981e-06
779,3070,Application_1403810042,1,0.6033333333333334,0.6033266695527942,6.663780539151176e-06
780,2894,Application_1777048467,1,0.32,0.31999332461800156,6.6753819984444185e-06
781,2563,Application_868329739,1,0.4,0.3999933279288119,6.672071188096318e-06
782,5584,Application_2131721658,1,0.57,0.5699933307954307,6.669204569265119e-06
783,3956,Application_1635698698,0,0.5333333333333333,0.533326664014197,6.669319136287655e-06
784,4465,Application_935269154,1,0.71,0.7099933321930368,6.667806963123191e-06
785,3965,Application_1226041324,0,0.58,0.5799933310933889,6.668906611051462e-06
786,1354,Application_1307811463,0,0.7833333333333333,0.7833266757447042,6.657588629166433e-06
787,5039,Application_1641972620,0,0.36,0.35999332417347074,6.675826529245477e-06
788,1570,Application_2128128445,1,0.75,0.7499933424315279,6.6575684720682204e-06
789,4346,Application_969888320,0,0.3933333333333333,0.39332666223908086,6.671094252452825e-06
790,3338,Application_1004853526,1,0.38666666666666666,0.38665999246433747,6.674202329193246e-06
791,1683,Application_1663648698,0,0.6,0.599993333600191,6.666399808952228e-06
792,2434,Application_315698810,1,0.44666666666666666,0.4466599971328358,6.66953383088309e-06
793,5684,Application_1342479260,1,0.45666666666666667,0.4566599957663609,6.670900305760785e-06
794,1413,Application_658429775,0,0.6466666666666666,0.646660004696914,6.661969752630448e-06
795,2755,Application_566145527,1,0.9133333333333333,0.913326678855748,6.6544775852994675e-06
796,1900,Application_1194278424,0,0.68,0.6799933383251493,6.661674850749755e-06
797,3566,Application_1384821775,1,0.22,0.2199933170532805,6.682946719488436e-06
798,5300,Application_1251406798,1,0.36,0.35999332455190525,6.675448094739522e-06
799,1024,Application_753117730,0,0.62,0.6199933355148033,6.664485196705705e-06
800,33,Application_1858211642,1,0.8633333333333333,0.8633266773765981,6.655956735213131e-06
801,2846,Application_1094857756,1,0.19,0.18999331658708996,6.683412910046815e-06
802,3302,Application_1218452071,0,0.5933333333333334,0.5933266677552674,6.665578065945255e-06
803,288,Application_1559533192,1,0.5133333333333333,0.5133266633536477,6.669979685569594e-06
804,5755,Application_1189117993,0,0.4,0.3999933270272938,6.672972706234237e-06
805,3312,Application_1771326157,1,0.82,0.8199933448033725,6.655196627458615e-06
806,5843,Application_1528644410,1,0.58,0.5799933346082266,6.665391773408302e-06
807,166,Application_440813334,1,0.15,0.1499933179953038,6.682004696195731e-06
808,3969,Application_207191056,1,0.57,0.5699933331063541,6.666893645812522e-06
809,5406,Application_1990518220,1,0.7466666666666667,0.7466600073777145,6.6592889521599474e-06
810,4535,Application_42873866,1,0.8066666666666666,0.8066600040653418,6.662601324869399e-06
811,4149,Application_557767583,1,0.8,0.7999933416239926,6.6583760074401255e-06
812,6202,Application_1069275163,1,0.8833333333333333,0.8833266748860111,6.658447322172023e-06
813,3066,Application_1102768033,0,0.3566666666666667,0.3566599951649142,6.671501752486542e-06
814,991,Application_512079496,0,0.61,0.6099933350585616,6.664941438416783e-06
815,3494,Application_858142548,0,0.7066666666666667,0.7066600069839087,6.659682757925722e-06
816,2649,Application_71451073,1,0.17666666666666667,0.1766599878243385,6.678842328161627e-06
817,1358,Application_2097086369,1,0.31333333333333335,0.3133266561182254,6.677215107941947e-06
818,4404,Application_377544827,1,0.6333333333333333,0.6333266709321365,6.6624011968441366e-06
819,5350,Application_1061609344,0,0.5,0.49999333377140676,6.66622859324395e-06
820,2650,Application_1595644784,1,0.48,0.47999333235498715,6.667645012836676e-06
821,3321,Application_74945240,1,0.6633333333333333,0.6633266663595374,6.666973795921294e-06
822,3026,Application_1625337065,1,0.5733333333333334,0.5733266663815763,6.6669517571060766e-06
823,4393,Application_1939640271,0,0.5466666666666666,0.5466600011994355,6.665467231159461e-06
824,459,Application_1449066412,1,0.39666666666666667,0.3966599931406951,6.673525971556682e-06
825,3684,Application_64467309,1,0.5166666666666667,0.5166599958160281,6.670850638657022e-06
826,4894,Application_1426681137,1,0.6866666666666666,0.6866600033309826,6.6633356839984614e-06
827,1865,Application_1976246233,1,0.3433333333333333,0.3433266598993281,6.673434005233236e-06
828,177,Application_1803710713,1,0.63,0.6299933336716094,6.666328390636522e-06
829,1115,Application_188726425,1,0.91,0.9099933454494953,6.654550504747725e-06
830,5731,Application_1469675638,1,0.6833333333333333,0.6833266677533959,6.665579937448207e-06
831,1501,Application_1822273581,1,0.5633333333333334,0.5633266662776812,6.667055652109788e-06
832,5607,Application_1397993015,1,0.43333333333333335,0.43332666062839714,6.672704936205864e-06
833,4446,Application_1671598539,0,0.6833333333333333,0.6833266730473521,6.660285981285874e-06
834,1675,Application_1135936231,0,0.6566666666666666,0.6566600051792131,6.661487453540893e-06
835,5867,Application_1331937055,1,0.63,0.629993335654433,6.6643455669535e-06
836,2908,Application_1084469664,0,0.44333333333333336,0.443326659910033,6.673423300351811e-06
837,5986,Application_1213601605,1,0.30333333333333334,0.3033266583538661,6.67497946726936e-06
838,1688,Application_374119345,1,0.63,0.6299933359102501,6.6640897499192775e-06
839,5765,Application_600275596,0,0.5366666666666666,0.5366599964817006,6.6701849660288914e-06
840,895,Application_1286165737,1,0.4633333333333333,0.4633266618064369,6.671526896429025e-06
841,5129,Application_2063746491,0,0.47333333333333333,0.47332666522893874,6.668104394591534e-06
842,5923,Application_307213807,0,0.5433333333333333,0.5433266617933173,6.6715400159900184e-06
843,1075,Application_1943739799,1,0.16333333333333333,0.16332665260249335,6.680730839980775e-06
844,5772,Application_821166786,0,0.64,0.6399933360103659,6.663989634114742e-06
845,969,Application_1447107656,0,0.5966666666666667,0.5966600024325166,6.664234150077775e-06
846,6196,Application_1542780878,0,0.21666666666666667,0.216659986948823,6.67971784368282e-06
847,2927,Application_1168237766,0,0.47,0.46999332916243103,6.670837568945043e-06
848,143,Application_937270089,0,0.49,0.48999332962117603,6.6703788239586e-06
849,1363,Application_657531637,0,0.6033333333333334,0.6033266660738116,6.667259521808688e-06
850,702,Application_604648984,1,0.66,0.6599933372875367,6.66271246330119e-06
851,581,Application_1370945476,0,0.56,0.559993334564206,6.665435794084296e-06
852,3160,Application_1329630120,1,0.2966666666666667,0.2966599869181331,6.6797485335778894e-06
853,142,Application_1276203911,1,0.5233333333333333,0.5233266651249846,6.6682083487146215e-06
854,1588,Application_4677883,1,0.78,0.7799933406069024,6.659393097629973e-06
855,2728,Application_2059460268,1,0.44,0.43999332998020857,6.670019791432669e-06
856,718,Application_207339253,0,0.31666666666666665,0.3166599902264708,6.676440195862998e-06
857,6075,Application_1500059522,0,0.42333333333333334,0.42332666024236565,6.6730909676904204e-06
858,4495,Application_714861923,0,0.6733333333333333,0.6733266712102484,6.662123084977267e-06
859,2312,Application_955500524,1,0.30666666666666664,0.3066599919497056,6.674716961030391e-06
860,37,Application_1382204301,0,0.8133333333333334,0.8133266773446508,6.6559886825467984e-06
861,5422,Application_1517753959,1,0.6566666666666666,0.656660003710128,6.6629565386167044e-06
862,5592,Application_942110520,0,0.8333333333333334,0.8333266753268949,6.658006438509112e-06
863,1996,Application_1751472175,0,0.64,0.6399933373929383,6.6626070617248345e-06
864,4047,Application_379598624,1,0.6466666666666666,0.6466600017983193,6.664868347328046e-06
865,961,Application_1448754624,1,0.5733333333333334,0.5733266682753827,6.66505795066108e-06
866,5937,Application_1425234599,1,0.55,0.5499933329973652,6.667002634852537e-06
867,4669,Application_40026814,0,0.36,0.3599933270765017,6.672923498263206e-06
868,625,Application_972388617,0,0.32666666666666666,0.32665999031208715,6.676354579515653e-06
869,2449,Application_2060693162,1,0.6933333333333334,0.6933266725425894,6.660790743961975e-06
870,1383,Application_673530624,0,0.6933333333333334,0.6933266720019399,6.661331393487124e-06
871,2667,Application_315644368,1,0.5166666666666667,0.5166599986954646,6.6679712020789594e-06
872,4293,Application_1262324843,0,0.73,0.7299933347752259,6.6652247741050274e-06
873,3205,Application_1165438159,0,0.7233333333333334,0.7233266720559097,6.661277423658518e-06
874,4440,Application_1459684566,0,0.44,0.4399933299315597,6.670068440295385e-06
875,4392,Application_1206779440,0,0.36666666666666664,0.3666599908707878,6.675795878818835e-06
876,2466,Application_1312537655,1,0.6366666666666667,0.6366600039609226,6.662705744120423e-06
877,3656,Application_284749993,0,0.2966666666666667,0.29665999030656637,6.676360100321688e-06
878,695,Application_642608905,1,0.21,0.20999332148796823,6.678512031760286e-06
879,3891,Application_1549825970,0,0.55,0.5499933333743298,6.666625670281867e-06
880,5710,Application_516936074,0,0.35,0.3499933260582458,6.673941754187229e-06
881,1755,Application_1226994121,0,0.5866666666666667,0.5866599995030436,6.6671636230752895e-06
882,385,Application_586969154,1,0.45,0.44999332823713734,6.671762862675568e-06
883,6156,Application_579821311,0,0.5333333333333333,0.5333266652601161,6.6680732172530455e-06
884,748,Application_1607153860,0,0.15333333333333332,0.15332665058005546,6.682753277864606e-06
885,4204,Application_1081779435,1,0.6366666666666667,0.6366599990959486,6.667570718099647e-06
886,3253,Application_1130289017,0,0.49666666666666665,0.4966599971323734,6.6695342932354684e-06
887,578,Application_1317388562,1,0.4666666666666667,0.46665999374724104,6.6729194256320845e-06
888,5314,Application_183519926,1,0.8066666666666666,0.8066600055570201,6.661109646532992e-06
889,2879,Application_443770026,1,0.3433333333333333,0.34332665727023937,6.67606309395774e-06
890,3357,Application_1213195413,1,0.48333333333333334,0.4833266623169657,6.671016367643112e-06
891,5569,Application_1050012939,0,0.4166666666666667,0.4166599953561877,6.671310478989501e-06
892,268,Application_270571049,1,0.8633333333333333,0.8633266776975901,6.655635743202382e-06
893,2456,Application_1502851295,1,0.43,0.42999332714434024,6.6728556597506206e-06
894,3612,Application_330426541,1,0.83,0.8299933374922983,6.662507701649112e-06
895,2321,Application_1732988770,0,0.49333333333333335,0.49332666183693774,6.671496395604937e-06
896,922,Application_1819818177,0,0.41,0.4099933272593692,6.6727406307642845e-06
897,551,Application_435186946,0,0.5233333333333333,0.523326661787129,6.671546204262135e-06
898,3955,Application_188552988,1,0.75,0.7499933415851647,6.658414835269966e-06
899,4218,Application_1366905703,1,0.7633333333333333,0.7633266756790076,6.657654325725737e-06
900,4231,Application_863470764,0,0.6133333333333333,0.6133266698296769,6.6635036564122174e-06
901,4398,Application_1016809148,0,0.4,0.39999332720064673,6.672799353291126e-06
902,5720,Application_1521819397,0,0.44,0.43999332795314106,6.672046858946512e-06
903,2641,Application_2080868684,1,0.7166666666666667,0.716660003681175,6.6629854916788744e-06
904,741,Application_1128308263,0,0.36333333333333334,0.36332665640737927,6.676925954074431e-06
905,2446,Application_1465486025,1,0.6933333333333334,0.6933266661741003,6.6671592330314056e-06
906,2498,Application_1520049058,0,0.5166666666666667,0.5166599997536704,6.666912996333707e-06
907,4714,Application_1559634770,1,0.7333333333333333,0.7333266736237576,6.659709575695949e-06
908,817,Application_1842271625,0,0.8666666666666667,0.8666600136071251,6.65305954161699e-06
909,3635,Application_1333464585,0,0.42333333333333334,0.42332666257667473,6.6707566586110545e-06
910,3105,Application_822441404,0,0.63,0.6299933381383003,6.661861699730487e-06
911,5750,Application_750701241,1,0.44666666666666666,0.4466599914580639,6.675208602757721e-06
912,6180,Application_1035361851,1,0.4633333333333333,0.46332666359521324,6.66973812007976e-06
913,5538,Application_954294342,1,0.34,0.33999332373587676,6.6762641232620545e-06
914,2897,Application_1300773256,1,0.8066666666666666,0.8066600075084056,6.659158261035358e-06
915,3801,Application_1044554836,0,0.47,0.46999333220757866,6.667792421310992e-06
916,1369,Application_458048315,1,0.6233333333333333,0.6233266678431851,6.665490148161091e-06
917,3878,Application_449631390,1,0.77,0.7699933416519116,6.658348088439681e-06
918,567,Application_764226645,1,0.68,0.6799933327586907,6.6672413093771254e-06
919,957,Application_1891680505,0,0.69,0.6899933375746422,6.662425357739643e-06
920,3942,Application_403630678,0,0.76,0.7599933416595168,6.658340483189917e-06
921,5661,Application_701643096,0,0.35,0.3499933236759626,6.676324037391268e-06
922,1594,Application_1568861006,1,0.47,0.46999333173089847,6.668269101506308e-06
923,5933,Application_128936338,1,0.66,0.6599933291811979,6.6708188021236126e-06
924,1527,Application_245143253,1,0.49,0.4899933327960637,6.667203936272514e-06
925,5708,Application_836643620,0,0.38666666666666666,0.38665999078957014,6.675877096518068e-06
926,1926,Application_1105925592,1,0.6466666666666666,0.6466600012037287,6.665462937927025e-06
927,1002,Application_138110394,1,0.5533333333333333,0.5533266671275754,6.666205757954735e-06
928,5250,Application_1539865472,1,0.43666666666666665,0.4366599958718806,6.6707947860567e-06
929,2169,Application_677637617,1,0.6833333333333333,0.6833266698605713,6.6634727620140666e-06
930,497,Application_516500707,0,0.7133333333333334,0.7133266711883393,6.662144994118435e-06
931,3862,Application_1179073626,0,0.7233333333333334,0.7233266721063266,6.661227006765635e-06
932,4578,Application_826854912,1,0.5233333333333333,0.5233266641164118,6.669216921495469e-06
933,5196,Application_847875764,1,0.65,0.6499933377885299,6.6622114701653246e-06
934,1259,Application_1530321110,1,0.7833333333333333,0.7833266758635127,6.657469820647854e-06
935,5980,Application_1572640461,1,0.6233333333333333,0.6233266693483075,6.663985025801011e-06
936,1049,Application_789108617,0,0.5266666666666666,0.5266599962516891,6.670414977483219e-06
937,1644,Application_998722780,1,0.8333333333333334,0.8333266765471391,6.656786194270126e-06
938,1944,Application_1744051272,1,0.22666666666666666,0.22665998587960196,6.6807870647001e-06
939,4716,Application_562228671,1,0.4266666666666667,0.42665999542920763,6.6712374590660595e-06
940,5311,Application_1601588285,1,0.5233333333333333,0.5233266646135402,6.668719793156974e-06
941,1761,Application_614870883,0,0.08,0.079993311481378,6.688518621997264e-06
942,2931,Application_1744329481,0,0.5633333333333334,0.5633266637967932,6.669536540160337e-06
943,2377,Application_102338755,1,0.38666666666666666,0.3866599931860183,6.673480648367036e-06
944,4295,Application_1641576878,1,0.36,0.3599933222283537,6.677771646312891e-06
945,2476,Application_343628671,1,0.4066666666666667,0.4066599941924902,6.672474176461218e-06
946,1070,Application_804273159,1,0.42333333333333334,0.42332666270094477,6.670632388572351e-06
947,4513,Application_1861250409,1,0.7033333333333334,0.7033266737623501,6.659570983225116e-06
948,5574,Application_513111665,0,0.7233333333333334,0.723326672396745,6.660936588409605e-06
949,1442,Application_678738864,1,0.4866666666666667,0.4866599959156378,6.670751028892141e-06
950,3689,Application_1638379755,0,0.6766666666666666,0.6766599966430997,6.670023566912597e-06
951,1392,Application_762969152,0,0.31,0.30999332202896,6.677971039981134e-06
952,1651,Application_1153650473,1,0.5533333333333333,0.5533266672566853,6.666076648009778e-06
953,3010,Application_1559105602,0,0.6433333333333333,0.6433266714148091,6.661918524164534e-06
954,188,Application_1352726942,0,0.5066666666666667,0.5066599986256213,6.6680410454322825e-06
955,2568,Application_1312529552,0,0.33,0.32999332481888255,6.6751811174659e-06
956,853,Application_1690998892,0,0.53,0.5299933339078395,6.666092160489967e-06
957,1114,Application_1986459524,1,0.41,0.40999332658836596,6.6734116340172456e-06
958,4059,Application_81121528,1,0.7966666666666666,0.7966600064791859,6.660187480744817e-06
959,503,Application_2024477286,0,0.3333333333333333,0.33332665971892184,6.673614411478734e-06
960,2618,Application_379716265,1,0.11,0.10999331436216014,6.685637839856651e-06
961,5283,Application_473241090,0,0.41,0.40999332702132213,6.672978677846331e-06
962,3796,Application_521806599,0,0.48333333333333334,0.4833266655604924,6.667772840918129e-06
963,2804,Application_2025810393,1,0.61,0.6099933360540823,6.6639459176398574e-06
964,3102,Application_1479013620,1,0.8433333333333334,0.843326674913865,6.65841946834167e-06
965,2194,Application_24270864,0,0.29333333333333333,0.29332665304218064,6.6802911526941955e-06
966,5000,Application_2027016208,1,0.8333333333333334,0.8333266701993343,6.663133999107451e-06
967,3425,Application_799781255,0,0.8466666666666667,0.8466600081803826,6.658486284116805e-06
968,909,Application_164769477,0,0.6533333333333333,0.6533266696427084,6.663690624963969e-06
969,2484,Application_555852588,1,0.29,0.28999332446227344,6.675537726541503e-06
970,5461,Application_1056924498,0,0.6333333333333333,0.6333266659292547,6.667404078619654e-06
971,5825,Application_1607208848,0,0.54,0.5399933315688368,6.668431163259214e-06
972,5320,Application_1256604586,1,0.37,0.36999332748944547,6.6725105545284435e-06
973,2545,Application_550228710,1,0.66,0.6599933340028994,6.665997100641086e-06
974,3539,Application_1151479099,1,0.77,0.7699933411759934,6.658824006633424e-06
975,3134,Application_2092004160,0,0.45,0.4499933318791265,6.668120873520866e-06
976,832,Application_1201267547,0,0.2833333333333333,0.28332665561025394,6.677723079384634e-06
977,3711,Application_2070777076,1,0.6266666666666667,0.6266600035521347,6.663114532012848e-06
978,4254,Application_834709723,0,0.6766666666666666,0.6766600043328621,6.662333804530185e-06
979,2653,Application_31244249,1,0.8766666666666667,0.8766600106652439,6.656001422800095e-06
980,2473,Application_944171237,0,0.5766666666666667,0.5766600017951503,6.664871516348647e-06
981,878,Application_995124359,1,0.4766666666666667,0.47665999476109827,6.671905568411685e-06
982,1340,Application_935089662,1,0.21,0.20999331624048795,6.683759512043919e-06
983,4222,Application_876478835,0,0.5433333333333333,0.5433266679303468,6.665402986549829e-06
984,3802,Application_38305454,1,0.69,0.6899933396799102,6.660320089779681e-06
985,4867,Application_1459114131,1,0.57,0.5699933336709591,6.666329040894148e-06
986,3720,Application_2094731703,1,0.6366666666666667,0.6366600028569291,6.663809737572635e-06
987,522,Application_1147242139,1,0.23666666666666666,0.23665998707039354,6.679596273123645e-06
988,2756,Application_1267164884,0,0.6833333333333333,0.6833266705649321,6.662768401222152e-06
989,2477,Application_2058119051,0,0.25666666666666665,0.25665998500333104,6.6816633356170385e-06
990,609,Application_481277636,0,0.7166666666666667,0.7166600039484508,6.662718215921792e-06
991,526,Application_1282418399,0,0.55,0.5499933326080616,6.667391938441902e-06
992,657,Application_1447384497,0,0.55,0.5499933343924253,6.665607574785071e-06
993,6121,Application_2003062161,1,0.7833333333333333,0.7833266765439513,6.656789382053496e-06
994,3362,Application_238984243,0,0.5233333333333333,0.5233266635009428,6.66983239050456e-06
995,4134,Application_1555178270,0,0.58,0.5799933316818776,6.668318122349248e-06
996,956,Application_1575815132,1,0.4633333333333333,0.4633266646804917,6.668652841601563e-06
997,5104,Application_1190091553,0,0.5333333333333333,0.5333266654180965,6.667915236846511e-06
998,4035,Application_1589946896,1,0.3433333333333333,0.34332665965609765,6.673677235669029e-06
999,2378,Application_390522628,0,0.42,0.419993323610223,6.676389776971714e-06
