rank,feature,mean_abs_shap,share_of_total_importance
1,requested_amount,0.026641277307657044,0.095568839979502912
2,mean_event_gap_seconds,0.016407594915129203,0.058858094331753735
3,prefix_duration_seconds,0.01603838946529006,0.05753366321879444
4,resource::User_1,0.011546640943758882,0.041420652167368469
5,activity::A_Submitted,0.011405730546778816,0.040915171779738344
6,activity::W_Handle leads,0.010695407067504171,0.038367066066166897
7,n_unique_resources,0.0096147118801688664,0.034490345583422531
8,loan_goal_Home improvement,0.0088555491857776787,0.031767041545825686
9,loan_goal_Car,0.0077061173605816533,0.027643745770591414
10,application_type_New credit,0.0076144433572115245,0.027314888484313994
11,application_type_Limit raise,0.0070919891267770246,0.025440716155096941
12,origin::Offer,0.006176738731081528,0.022157486991671665
13,loan_goal_Existing loan takeover,0.0057244166838854305,0.020534896120802993
14,n_unique_activities,0.0048996607018640783,0.017576292764150785
15,lifecycle::complete,0.0047193079196489549,0.016929322801549879
16,activity::W_Complete application,0.0046304684868954159,0.016610633819987702
17,action::Obtained,0.0042126614549193716,0.015111856831177431
18,activity::O_Sent (mail and online),0.0041991174624026158,0.015063271185730717
19,lifecycle::withdraw,0.0041630026743660811,0.014933718523562928
20,loan_goal_Not speficied,0.0040965205370225577,0.014695230681110553
21,lifecycle::suspend,0.0038132596911099517,0.013679104083918462
22,action::Released,0.0035724271344315653,0.012815178236622987
23,lifecycle::resume,0.0034290269081484527,0.012300766216492991
24,"loan_goal_Other, see explanation",0.0033607769764446875,0.012055936859165801
25,action::Created,0.003220607880137942,0.011553115700093193
26,origin::Workflow,0.0030842122055356924,0.011063830736409703
27,activity::O_Create Offer,0.0029809146283122398,0.010693276820621997
28,loan_goal_Remaining debt home,0.002955997173341962,0.010603891757013709
29,lifecycle::start,0.0027264657320292076,0.0097805058010115697
30,lifecycle::schedule,0.0026130360673273061,0.0093736055856187793
31,activity::O_Created,0.0026112657052251445,0.0093672548596196691
32,resource::User_3,0.0026011294915737056,0.0093308937584132348
33,action::statechange,0.0023411194686788041,0.0083981736044899894
34,activity::A_Accepted,0.0020362656984402095,0.007304587856005372
35,resource::User_57,0.002017961535655771,0.0072389263044249598
36,resource::User_18,0.0020112187635055365,0.0072147383157935441
37,origin::Application,0.0019329807181358784,0.0069340791284769913
38,resource::User_10,0.0016614291508224533,0.0059599566048808335
39,resource::User_61,0.0016536905958775714,0.0059321964974858527
40,resource::User_49,0.0016164992048279222,0.005798781794474692
41,resource::User_41,0.0015297897636390662,0.0054877336185935686
42,resource::User_37,0.00149098554561484,0.0053485333069845913
43,loan_goal_Unknown,0.0013716012600422025,0.0049202723962106379
44,resource::User_46,0.001274045459835965,0.0045703156523460098
45,resource::User_12,0.0012713799135857554,0.0045607536797685529
46,resource::User_78,0.0012549992773151514,0.0045019922927513525
47,resource::User_26,0.0012371146386917773,0.0044378356779257852
48,resource::User_56,0.001179930591562461,0.004232702380960655
49,resource::User_67,0.0011489439844599926,0.004121545770056253
50,activity::W_Call after offers,0.0011312980590031615,0.0040582454783022444
51,resource::User_96,0.0010942061703849973,0.0039251877150820085
52,resource::User_5,0.0010625171863768391,0.0038115115047856547
53,resource::User_77,0.0010576164253420467,0.0037939312648555953
54,resource::User_24,0.001007889233768821,0.0036155475500205037
55,resource::User_2,0.00097949846566422038,0.0035137028545672595
56,resource::User_40,0.0009467160923658525,0.0033961043869067172
57,resource::User_51,0.00094374366668012607,0.003385441562019244
58,resource::User_16,0.00086073129778701119,0.0030876556973458038
59,resource::User_80,0.00085510817469569903,0.0030674841663530235
60,loan_goal_Extra spending limit,0.00083961243990775844,0.003011897139454434
61,resource::User_36,0.00083621953369458313,0.002999725947089749
62,resource::User_28,0.00082619952461370557,0.0029637817003712054
63,lifecycle::ate_abort,0.00081822290451454981,0.0029351675944846831
64,resource::User_63,0.00080521394991186666,0.0028885012621475653
65,resource::User_39,0.00079493731550578036,0.0028516364370214501
66,resource::User_14,0.00077665289372600582,0.0027860457012992262
67,resource::User_15,0.00076812949236493798,0.0027554701560147349
68,resource::User_60,0.00076624857009487731,0.0027487228233938005
69,resource::User_42,0.00076212567843527747,0.0027339329929844348
70,resource::User_52,0.00076161906251148552,0.0027321156365719469
71,resource::User_66,0.00075501268529828622,0.0027084169302583794
72,resource::User_44,0.00069394013277244038,0.0024893346042842855
73,resource::User_48,0.00068642058610015027,0.0024623601336407194
74,resource::User_4,0.00066771582649813473,0.0023952615423601009
75,resource::User_21,0.00065287662463130148,0.0023420296611609465
76,action::Deleted,0.00065005077199932601,0.0023318926300091671
77,resource::User_65,0.0006465735319135192,0.0023194189112195926
78,resource::User_17,0.00060901498055245104,0.0021846871135119722
79,resource::User_79,0.00056549194910143232,0.0020285592529694224
80,loan_goal_Caravan / Camper,0.00054416739827699929,0.0019520628236938905
81,resource::User_43,0.00054220970393936208,0.0019450400907099635
82,resource::User_71,0.00052953221578059303,0.0018995628103530182
83,resource::User_35,0.00048717762644742392,0.0017476264401994814
84,resource::User_104,0.00048430175172892826,0.0017373099674718763
85,resource::User_53,0.00045801686156704655,0.0016430195761835539
86,resource::User_54,0.00045358304843405643,0.0016271143936762587
87,resource::User_91,0.00043121400887129131,0.0015468711253906707
88,resource::User_70,0.00039980482853705588,0.001434198639961935
89,resource::User_31,0.00039798908521823727,0.0014276851203331238
90,resource::User_62,0.00038514904224955129,0.0013816247157348951
91,resource::User_7,0.00038436285177115292,0.0013788044563623511
92,resource::User_97,0.00037302527588093921,0.0013381337721644923
93,resource::User_19,0.00037223116769537424,0.0013352851100212977
94,resource::User_38,0.00036271569373499366,0.0013011507553600302
95,resource::User_58,0.00035383556170151558,0.0012692955290694947
96,resource::User_25,0.00035365555694125372,0.0012686498075475739
97,resource::User_84,0.00035039099970674703,0.0012569390346613644
98,resource::User_23,0.00034163317568060167,0.0012255225573934831
99,resource::User_11,0.00034159277122871646,0.0012253776166478842
100,resource::User_132,0.00032777568091969025,0.0011758123019868585
101,resource::User_85,0.00030347914830531529,0.0010886546401876398
102,loan_goal_Motorcycle,0.00029527755837332776,0.0010592335119610911
103,loan_goal_Boat,0.00028717260819299118,0.0010301590543860481
104,resource::User_32,0.00028370380491272285,0.0010177156005011603
105,activity::O_Sent (online only),0.0002506757115519073,0.00089923567430330272
106,resource::User_9,0.00022917988682096845,0.00082212484323409966
107,resource::User_74,0.00021225121351142661,0.00076139751203666136
108,resource::User_76,0.00021129892967191715,0.00075798143476595969
109,resource::User_13,0.00017032658967595089,0.00061100353429063717
110,resource::User_45,0.00016926643991753269,0.00060720051533450555
111,resource::User_55,0.00016660475704748226,0.00059765240165562711
112,activity::O_Cancelled,0.00016011759803593323,0.00057438136046879446
113,resource::User_109,0.00015925444729574193,0.00057128502563413451
114,activity::A_Concept,0.00015084929553950071,0.0005411336708804049
115,resource::User_86,0.00015042203811535995,0.00053960099300140441
116,resource::User_34,0.00014681735925672914,0.00052667011986646758
117,resource::User_87,0.00014409741615697454,0.00051691301235799649
118,resource::User_83,0.00014290235019852242,0.00051262601567877064
119,resource::User_33,0.0001383180267104738,0.00049618091536379153
120,resource::User_27,0.00013787718765070024,0.00049459951680419229
121,resource::User_73,0.00012622306326964073,0.00045279329500736473
122,resource::User_64,0.00012438498825599416,0.00044619966607505285
123,resource::User_59,0.00012390647346558224,0.00044448311536674434
124,resource::User_108,0.00011372098147925135,0.00040794524060522173
125,resource::User_22,0.00010115676178011495,0.00036287428218128106
126,resource::User_47,6.683609804227102e-05,0.00023975758687892689
127,resource::User_75,6.4891687899115165e-05,0.00023278250758074415
128,resource::User_141,6.4118683678485473e-05,0.0002300095505707735
129,loan_goal_Tax payments,6.0844618528191029e-05,0.00021826467044293424
130,resource::User_103,5.6332563694437342e-05,0.00020207881563552178
131,activity::W_Shortened completion ,4.4671927474089947e-05,0.00016024923426326209
132,resource::User_8,3.4313109990203985e-05,0.00012308959814439472
133,resource::User_50,3.3633078974838877e-05,0.00012065015897869645
134,activity::W_Assess potential fraud,2.7337060998826588e-05,9.8064787882969927e-05
135,resource::User_20,2.5934783133349899e-05,9.3034470928383709e-05
136,loan_goal_Business goal,2.4985538726908226e-05,8.96292968545945e-05
137,resource::User_138,1.3666991127262577e-05,4.9026871833477835e-05
138,resource::User_100,1.2041446570910693e-05,4.3195642129604171e-05
139,resource::User_106,1.1176799153281537e-06,4.0093938343414411e-06
140,resource::User_29,3.2732106870207645e-07,1.1741814957092116e-06
141,resource::User_145,1.8431578613763122e-07,6.6118623621776673e-07
142,activity::A_Create Application,0,0
143,loan_goal_Debt restructuring,0,0
144,resource::User_101,0,0
145,resource::User_102,0,0
146,resource::User_107,0,0
147,resource::User_110,0,0
148,resource::User_111,0,0
149,resource::User_112,0,0
150,resource::User_118,0,0
151,resource::User_120,0,0
152,resource::User_142,0,0
153,resource::User_143,0,0
154,resource::User_144,0,0
155,resource::User_146,0,0
156,resource::User_30,0,0
157,resource::User_6,0,0
158,resource::User_68,0,0
159,resource::User_82,0,0
160,resource::User_89,0,0
161,resource::User_90,0,0
162,resource::User_92,0,0
163,resource::User_93,0,0
164,resource::User_95,0,0
165,resource::User_99,0,0
